الجامعات,المدينة,التخصصات,الحقل,الحد الادنى ,الحد التنافسي لسنة 2020,الحد التنافسي لسنة 2021,الحد التنافسي لسنة 2022,الحد التنافسي لسنة 2023,الحد التنافسي لسنة 2024,الحد التنافسي المتوقع,عدد ساعات التخصص,سعر الساعة للتنافسي,سعر الساعة الموازي,عدد سنوات الدراسة,التكلفة الكليه(تنافس),التكلفة الكليه(موازي),تدريب ميداني,نسبة العملي,تقييم صعوبة التخصص,حالة سوق العمل,وصف للتخصص,نوع الجامعة
الجامعة الأردنية,عمان,الطب,صحي,90,99.4,97.5,98.25,98.55,98.55,98.45,257.00,45.00,175.00,6,11565.00,44975.00,1,3,4,2,يدرس جسم الأنسان وتشخيصه وعلاجة جراحيا و دوائياً.,1
الجامعة الأردنية,عمان,طب الأسنان,صحي,90,98.7,95.65,97.15,97.6,97.8,97.38,198.00,40.00,175.00,5,7920.00,34650.00,1,3,4,1,صحة الفم والأسنان.,1
الجامعة الأردنية,عمان,الصيدلة,صحي,80,97.8,92.95,94.9,96.4,95,95.41,165.00,29.00,90.00,5,4785.00,14850.00,1,3,3,1,صناعة أدوية و طرق التحضير و فهم التأثيرات للأدوية.,1
الجامعة الأردنية,عمان,التمريض,صحي,70,96.7,90.05,94,95.4,92,93.63,135.00,15.00,65.00,4,2025.00,8775.00,1,3,3,1,يهتم برعاية المرضى ومتابعة حالتهم وتنفيذ خطط العلاج والتوعية الصحية بالتعاون مع الفريق الطبي.,1
الجامعة الأردنية,عمان,علوم المختبرات الطبية,صحي,80,96.65,90,94.35,95.35,91,93.47,132.00,45.00,175.00,4,5940.00,23100.00,1,4,3,1,إجراء التحاليل الطبية على عينات المريض للكشف عن امراض وتشخيصها.,1
الجامعة الأردنية,عمان,العلاج الطبيعي,صحي,70,96.7,90.35,93,94.45,93.7,93.64,132.00,34.00,65.00,4,4488.00,8580.00,1,3,2,1,يعالج الإصابات وضعف الحركة بإستخدام تمارين وأجهزة متخصصة.,1
الجامعة الأردنية,عمان,العلاج الوظيفي,صحي,70,95.6,87.2,91,93.4,90.6,91.56,132.00,34.00,65.00,4,4488.00,8580.00,1,3,2,1,تأهيل المرضى الأطفال وكبار السن لمساعدتهم على أستعادة مهارات الحياة.,1
الجامعة الأردنية,عمان,دكتور الصيدلة,صحي,80,98,93.4,95.7,96.6,96.6,96.06,219.00,50.00,105.00,6,10950.00,22995.00,1,4,4,1,التعامل المباشر مع المريض وفي المشفى ومتابعة العلاجات.,1
الجامعة الأردنية,عمان,هندسة العمارة,هندسي,80,97.7,90.95,93.6,95.85,94,94.42,171.00,29.00,95.00,5,4959.00,16245.00,1,3,3,0,يجمع بين الفن والهندسة لتصميم المباني والفراغات بما يحقق الجمال والوظيفة والأمان.,1
الجامعة الأردنية,عمان,هالهندسة المدنية,هندسي,80,97,87.3,91.45,94.2,88.2,91.63,160.00,29.00,90.00,4,4640.00,14400.00,1,2,3,1,تصميم وتنفيذ البنية التحتية مثل المباني والطرق والجسور وشبكات المياه.,1
الجامعة الأردنية,عمان,هندسة الكهرباء,هندسي,80,96.8,88.4,92.9,95.25,95.3,93.73,160.00,29.00,90.00,4,4640.00,14400.00,1,2,4,1,دراسة وتصميم أنظمة الطاقة الكهربائية والإلكترونيات والتحكم.,1
الجامعة الأردنية,عمان,هندسة الميكانيك,هندسي,80,96.7,87.7,91.95,95.75,94.3,93.28,160.00,29.00,90.00,4,4640.00,14400.00,1,2,3,0,تصميم وتشغيل الآلات والأنظمة الميكانيكية والطاقة والتبريد.,1
الجامعة الأردنية,عمان,الهندسة الكيميائية,هندسي,80,96.8,90.45,93.4,95.1,94.1,93.97,160.00,29.00,85.00,4,4640.00,13600.00,1,2,4,0,تحويل المواد الخام إلى منتجات مفيدة عبر عمليات كيميائية وصناعية.,1
الجامعة الأردنية,عمان,هندسة الحاسوب,هندسي,80,96.7,93.5,94.35,98,98,96.11,132.00,29.00,90.00,4,3828.00,11880.00,1,2,3,2,دمج العتاد والبرمجيات لتصميم أنظمة الحاسوب والدوائر الذكية.,1
الجامعة الأردنية,عمان,هندسة الميكاترونيكس,هندسي,80,96.6,90.8,93.03,95.5,96.4,94.466,132.00,29.00,85.00,4,3828.00,11220.00,1,3,3,0,دمج الميكانيك والكهرباء والبرمجة لصنع أنظمة وأجهزة ذكية.,1
الجامعة الأردنية,عمان,الهندسة الصناعية,هندسي,80,97.3,91.65,94.75,96.5,94.7,94.98,132.00,29.00,95.00,4,3828.00,12540.00,1,2,3,1,تحسين كفاءة الإنتاج والعمليات وإدارة الجودة والموارد.,1
الجامعة الأردنية,عمان,الاحياء والبيلوجيا,العلوم والتكنلوجيا,65,93.2,84.3,87.75,91.1,85.3,88.33,132.00,26.00,60.00,4,3432.00,7920.00,0,1,3,0,دراسة الكائنات الحية ووظائفها وتطورها وعلاقتها بالبيئة.,1
الجامعة الأردنية,عمان,الكيمياء,العلوم والتكنلوجيا,65,93.7,87.15,88.45,91.4,87.6,89.66,132.00,26.00,60.00,4,3432.00,7920.00,0,1,3,1,فهم تركيب المواد وتفاعلاتها واستخدامها في مختلف المجالات.,1
الجامعة الأردنية,عمان,الفيزياء,العلوم والتكنلوجيا,65,92.4,83.05,85.95,89.55,81.8,86.55,132.00,26.00,60.00,4,3432.00,7920.00,0,1,4,1,دراسة قوانين الطبيعة والطاقة والحركة والمادة وتطبيقاتها.,1
الجامعة الأردنية,عمان,الجيلوجيا,العلوم والتكنلوجيا,65,85.5,73.75,79.35,83.85,72,78.89,132.00,26.00,60.00,4,3432.00,7920.00,0,2,3,0,دراسة الأرض والصخور والمعادن والموارد الطبيعية والزلازل,1
الجامعة الأردنية,عمان,الرياضيات,العلوم والتكنلوجيا,65,95.6,83.3,89.8,92.75,85.2,89.33,132.00,26.00,60.00,4,3432.00,7920.00,0,0,4,1,دراسة الأعداد والتحليل والمنطق وتطبيقها في العلوم والتقنية.,1
الجامعة الأردنية,عمان,علوم الحاسوب,العلوم والتكنلوجيا,65,96.1,89.75,95.15,96.8,97.1,94.98,132.00,47.00,90.00,4,6204.00,11880.00,1,2,3,2,دراسة البرمجة والخوارزميات والذكاء الحاسوبي وتطوير التطبيقات.,1
الجامعة الأردنية,عمان,علم البيانات,العلوم والتكنلوجيا,65,95.5,87.55,91.35,95.95,84.1,90.89,132.00,70.00,100.00,4,9240.00,13200.00,1,3,3,2,تحليل البيانات واستخراج الأنماط لاتخاذ قرارات وتوقعات ذكية.,1
الجامعة الأردنية,عمان,الذكاء الاصطناعي,العلوم والتكنلوجيا,65,90,90,93.5,96.3,92.8,92.52,132.00,70.00,100.00,4,9240.00,13200.00,1,3,3,2,تطوير أنظمة تتعلم وتفكر وتحل المشاكل مثل الإنسان,1
الجامعة الأردنية,عمان,الامن السيبراني,العلوم والتكنلوجيا,65,89,89.77,93.7,95.75,90.4,91.724,132.00,60.00,100.00,4,7920.00,13200.00,1,3,3,2,حماية الأنظمة والشبكات والبيانات من الهجمات والاختراقات.,1
الجامعة الأردنية,عمان,هندسة البرمجيات,العلوم والتكنلوجيا,65,95.5,89.75,95.15,96.8,94,94.24,132.00,29.00,60.00,4,3828.00,7920.00,1,3,2,2,بناء وتطوير برامج كبيرة بجودة عالية وبطريقة منظمة.,1
الجامعة الأردنية,عمان,نظم المعلومات الحاسوبية,العلوم والتكنلوجيا,65,96.1,89.75,95.15,96.8,94.7,94.5,132.00,47.00,90.00,4,6204.00,11880.00,1,2,2,1,تصميم وإدارة أنظمة معلومات تخدم الأعمال والمؤسسات.,1
الجامعة الأردنية,عمان,الانتاج الحيواني,العلوم والتكنلوجيا,65,87,77.3,79.35,85.85,79.9,81.88,132.00,26.00,65.00,4,3432.00,8580.00,1,2,2,1,"تربية وتحسين إنتاج الحيوانات (لحوم، ألبان، دواجن) علمياً.",1
الجامعة الأردنية,عمان,علم وتكنلوجيا الغذاء,العلوم والتكنلوجيا,70,93.5,91.05,91.2,93.1,95.6,92.89,132.00,35.00,85.00,4,4620.00,11220.00,1,3,2,0,تصنيع وحفظ وتحسين جودة وسلامة الأغذية,1
الجامعة الأردنية,عمان,تغذية الانسان والحميات,العلوم والتكنلوجيا,70,96.6,93.2,95.05,94.95,96.4,95.24,132.00,35.00,85.00,4,4620.00,11220.00,1,3,2,0,دراسة الغذاء وتأثيره على الصحة ووضع الأنظمة الغذائية العلاجية.,1
الجامعة الأردنية,عمان,اللغة العربية وآدابها,اللغات والعلوم الأجتماعية,65,97.3,93,91.35,95.7,91.5,93.77,132.00,16.00,45.00,4,2112.00,5940.00,0,0,2,1,دراسة اللغة العربية نحوًا وبلاغةً وأدبًا قديمًا وحديثًا,1
الجامعة الأردنية,عمان,اللغة الإنجليزية وآدابها,اللغات والعلوم الأجتماعية,65,98.4,94.15,96.6,98.45,95.2,96.56,132.00,16.00,70.00,4,2112.00,9240.00,0,0,2,0,دراسة اللغة الإنجليزية ومهاراتها وأدبها وثقافتها.,1
الجامعة الأردنية,عمان,اللغة الفرنسية وآدابها,اللغات والعلوم الأجتماعية,65,94.7,86.95,90.1,93.1,97.4,92.45,132.00,16.00,65.00,4,2112.00,8580.00,0,0,2,1,دراسة اللغة الفرنسية وقواعدها وأدبها وثقافتها.,1
الجامعة الأردنية,عمان,اللغة الانجليزية التطبيقية,اللغات والعلوم الأجتماعية,65,99.2,96.4,98.1,98.95,89.1,96.35,132.00,20.00,70.00,4,2640.00,9240.00,0,2,2,0,تركيز على استخدام الإنجليزية عمليًا في الترجمة والتواصل وسوق العمل.,1
الجامعة الأردنية,عمان,علم النفس,اللغات والعلوم الأجتماعية,65,95.2,89.4,90.1,92.95,93.9,92.31,132.00,16.00,45.00,4,2112.00,5940.00,1,1,3,1,فهم سلوك الإنسان وعملياته العقلية والانفعالية وتشخيصها.,1
الجامعة الأردنية,عمان,علم الاجتماع,اللغات والعلوم الأجتماعية,65,92.7,86.75,88.65,93.1,88.8,90,132.00,16.00,45.00,4,2112.00,5940.00,0,1,2,0,دراسة المجتمع والعلاقات الاجتماعية والتغيرات والقضايا المجتمعية.,1
الجامعة الأردنية,عمان,التربية الخاصة,اللغات والعلوم الأجتماعية,65,92.9,88.65,89.6,93.5,90.85,91.1,132.00,16.00,50.00,4,2112.00,6600.00,1,2,3,2,تعليم ودعم ذوي الاحتياجات الخاصة وطرق دمجهم وتطوير قدراتهم.,1
الجامعة الأردنية,عمان,التربية البدنية,اللغات والعلوم الأجتماعية,65,93.7,88.35,90.05,93.15,92.75,91.6,132.00,20.00,50.00,4,2640.00,6600.00,1,3,2,1,دراسة الرياضة وعلوم الحركة والتدريب لتحسين الصحة واللياقة,1
الجامعة الأردنية,عمان,الارشاد والصحة النفسية,اللغات والعلوم الأجتماعية,65,93.7,93.7,93.7,94.5,91.65,93.45,132.00,16.00,50.00,4,2112.00,6600.00,1,2,3,2,تقديم الدعم النفسي والإرشاد لحل المشكلات وتحسين التوافق.,1
الجامعة الأردنية,عمان,الفلسفة,اللغات والعلوم الأجتماعية,65,82.85,82.85,85.6,85.6,86.8,84.74,132.00,16.00,45.00,4,2112.00,5940.00,0,0,3,0,دراسة الفكر الإنساني والمنطق والأسئلة الكبرى حول الوجود والمعرفة والأخلاق.,1
الجامعة الأردنية,عمان,الآثار,اللغات والعلوم الأجتماعية,65,88.7,83.5,85.1,87.95,87.4,86.53,132.00,16.00,45.00,4,2112.00,5940.00,1,2,2,0,دراسة الحضارات القديمة والتنقيب عن آثارها وحفظها وتحليلها.,1
الجامعة الأردنية,عمان,الادارة السياحية,اللغات والعلوم الأجتماعية,65,91.8,85.95,89.15,94,89.6,90.1,132.00,16.00,45.00,4,2112.00,5940.00,1,2,2,1,تنظيم وإدارة الخدمات والبرامج السياحية وتسويق الوجهات.,1
الجامعة الأردنية,عمان,القانون,القانون والعلوم الشرعية,65,97.6,95.4,96.75,97.45,94.4,96.32,132.00,16.00,65.00,4,2112.00,8580.00,0,1,4,1,دراسة الأنظمة والتشريعات لتنظيم حقوق الناس وحل النزاعات.,1
الجامعة الأردنية,عمان,أصول الدين,القانون والعلوم الشرعية,75,93.2,85.3,86.35,90.4,85.15,88.08,132.00,16.00,45.00,4,2112.00,5940.00,0,0,3,0,دراسة العقيدة الإسلامية والتفسير والحديث وعلومها.,1
الجامعة الأردنية,عمان,الفقه وأصوله,القانون والعلوم الشرعية,75,92.5,87.05,89.15,92.2,86.25,89.43,132.00,16.00,45.00,4,2112.00,5940.00,0,0,3,0,فهم الأحكام الشرعية وكيفية استنباطها من مصادرها.,1
الجامعة الأردنية,عمان,إدارة الأعمال,الأعمال,65,96.4,90.95,95.05,96.05,95.3,94.75,132.00,20.00,70.00,4,2640.00,9240.00,1,2,2,1,تنظيم وتخطيط وإدارة الشركات والموارد لتحقيق أهدافها.,1
الجامعة الأردنية,عمان,المحاسبة,الأعمال,65,97.4,93.6,95.95,97.15,97,96.22,132.00,20.00,70.00,4,2640.00,9240.00,1,2,3,1,تسجيل وتحليل العمليات المالية وإعداد التقارير والميزانيات.,1
الجامعة الأردنية,عمان,التمويل,الأعمال,65,95.5,90.05,93.85,95.1,94.3,93.76,132.00,20.00,70.00,4,2640.00,9240.00,1,2,3,2,إدارة الأموال والاستثمارات والقروض واتخاذ قرارات مالية ذكية.,1
الجامعة الأردنية,عمان,التسويق,الأعمال,65,95.7,91.25,93.75,96.1,95.15,94.39,132.00,20.00,70.00,4,2640.00,9240.00,1,2,2,2,دراسة السوق وطرق الترويج للمنتجات وفهم سلوك العملاء.,1
الجامعة الأردنية,عمان,نظم المعلومات الادارية,الأعمال,65,94.9,90.45,93.4,96.2,94.75,93.94,132.00,47.00,90.00,4,6204.00,11880.00,1,2,3,2,دمج الإدارة مع التقنية لتطوير أنظمة معلومات تخدم المؤسسات.,1
الجامعة الأردنية,عمان,الإدارة العامة,الأعمال,65,94.7,89.25,92.5,94.7,93.3,92.89,132.00,20.00,45.00,4,2640.00,5940.00,1,2,2,0,إدارة وتنظيم العمل في القطاعات الحكومية والخدمية.,1
الجامعة الأردنية,عمان,إقتصاد الأعمال,الأعمال,65,94.6,88.8,92.6,95.05,92.6,92.73,132.00,16.00,45.00,4,2112.00,5940.00,0,1,3,1,دراسة الاقتصاد وتطبيقه على قرارات الشركات والأسواق.,1
الجامعة الهاشمية,الزرقاء,الطب,صحي,90,98.8,95.23,96.55,97.45,97.7,97.146,257.00,85.00,175.00,6,21845.00,44975.00,1,3,4,2,يدرس جسم الأنسان وتشخيصه وعلاجة جراحيا و دوائياً.,1
الجامعة الهاشمية,الزرقاء,طب الأسنان,صحي,90,96.35,96.35,96.35,96.35,96.7,96.42,198.00,150.00,225.00,5,29700.00,44550.00,1,3,4,1,صحة الفم والأسنان.,1
الجامعة الهاشمية,الزرقاء,الصيدلة,صحي,80,97.4,92.05,94.2,95.65,94.9,94.84,165.00,75.00,140.00,5,12375.00,23100.00,1,3,3,1,صناعة أدوية و طرق التحضير و فهم التأثيرات للأدوية.,1
الجامعة الهاشمية,الزرقاء,التمريض,صحي,70,92.5,92.9,92.5,92.9,91.9,92.54,135.00,20.00,60.00,4,2700.00,8100.00,1,3,3,1,يهتم برعاية المرضى ومتابعة حالتهم وتنفيذ خطط العلاج والتوعية الصحية بالتعاون مع الفريق الطبي.,1
الجامعة الهاشمية,الزرقاء,علوم المختبرات الطبية,صحي,70,94.2,86.25,90.25,92.35,91.7,90.95,132.00,30.00,60.00,4,3960.00,7920.00,1,4,3,1,إجراء التحاليل الطبية على عينات المريض للكشف عن امراض وتشخيصها.,1
الجامعة الهاشمية,الزرقاء,العلاج الطبيعي,صحي,70,95,87.6,90.8,92.7,93.7,91.96,132.00,30.00,55.00,4,3960.00,7260.00,1,3,2,1,يعالج الإصابات وضعف الحركة بإستخدام تمارين وأجهزة متخصصة.,1
الجامعة الهاشمية,الزرقاء,العلاج الوظيفي,صحي,70,93.3,85.45,87.7,90.8,90.65,89.58,132.00,30.00,55.00,4,3960.00,7260.00,,3,2,2,تأهيل المرضى الأطفال وكبار السن لمساعدتهم على أستعادة مهارات الحياة.,1
الجامعة الهاشمية,الزرقاء,دكتور الصيدلة,صحي,80,96.4,92.05,94.2,95.65,95.6,94.78,219.00,75.00,150.00,6,16425.00,32850.00,1,4,4,1,التعامل المباشر مع المريض وفي المشفى ومتابعة العلاجات.,1
الجامعة الهاشمية,الزرقاء,هندسة العمارة,هندسي,80,96.1,86.35,87.35,91.95,93.9,91.13,171.00,50.00,90.00,5,8550.00,15390.00,1,3,3,1,يجمع بين الفن والهندسة لتصميم المباني والفراغات بما يحقق الجمال والوظيفة والأمان.,1
الجامعة الهاشمية,الزرقاء,هالهندسة المدنية,هندسي,80,93.2,80.25,80,87.5,88.23,85.836,160.00,40.00,90.00,4,6400.00,14400.00,1,2,3,1,تصميم وتنفيذ البنية التحتية مثل المباني والطرق والجسور وشبكات المياه.,1
الجامعة الهاشمية,الزرقاء,هندسة الكهرباء,هندسي,80,92.8,80,81.35,88.7,95.3,87.63,160.00,40.00,75.00,4,6400.00,12000.00,1,2,4,2,دراسة وتصميم أنظمة الطاقة الكهربائية والإلكترونيات والتحكم.,1
الجامعة الهاشمية,الزرقاء,هندسة الميكانيك,هندسي,80,94.4,80.9,82.1,88.4,94.3,88.02,160.00,40.00,90.00,4,6400.00,14400.00,1,2,3,2,تصميم وتشغيل الآلات والأنظمة الميكانيكية والطاقة والتبريد.,1
الجامعة الهاشمية,الزرقاء,هندسة الحاسوب,هندسي,80,94.7,87.5,90.83,93.75,98.05,92.966,160.00,40.00,75.00,4,6400.00,12000.00,1,2,3,1,دمج العتاد والبرمجيات لتصميم أنظمة الحاسوب والدوائر الذكية.,1
الجامعة الهاشمية,الزرقاء,هندسة الميكاترونيكس,هندسي,80,94.4,83.85,86.23,89.65,96.4,90.106,132.00,40.00,70.00,4,5280.00,9240.00,1,3,3,2,دمج الميكانيك والكهرباء والبرمجة لصنع أنظمة وأجهزة ذكية.,1
الجامعة الهاشمية,الزرقاء,الهندسة الصناعية,هندسي,80,95.5,85.85,89.35,92.65,94.7,91.61,132.00,40.00,70.00,4,5280.00,9240.00,1,2,3,2,تحسين كفاءة الإنتاج والعمليات وإدارة الجودة والموارد.,1
الجامعة الهاشمية,الزرقاء,الاحياء والبيلوجيا,العلوم والتكنلوجيا,65,89.7,80.9,83.75,88.95,85.35,85.73,132.00,18.00,40.00,4,2376.00,5280.00,0,1,3,1,دراسة الكائنات الحية ووظائفها وتطورها وعلاقتها بالبيئة.,1
الجامعة الهاشمية,الزرقاء,الكيمياء,العلوم والتكنلوجيا,65,91.1,81.9,84.8,89.35,87.65,86.96,132.00,18.00,40.00,4,2376.00,5280.00,0,1,3,0,فهم تركيب المواد وتفاعلاتها واستخدامها في مختلف المجالات.,1
الجامعة الهاشمية,الزرقاء,الفيزياء,العلوم والتكنلوجيا,65,90,79.7,80.05,86.4,81.8,83.59,132.00,18.00,40.00,4,2376.00,5280.00,0,1,4,1,دراسة قوانين الطبيعة والطاقة والحركة والمادة وتطبيقاتها.,1
الجامعة الهاشمية,الزرقاء,الجيلوجيا,العلوم والتكنلوجيا,65,79.1,69.65,72.3,78.6,72.05,74.34,132.00,18.00,40.00,4,2376.00,5280.00,0,2,3,0,دراسة الأرض والصخور والمعادن والموارد الطبيعية والزلازل,1
الجامعة الهاشمية,الزرقاء,الرياضيات,العلوم والتكنلوجيا,65,93.2,81.6,83.95,88.6,85.25,86.52,132.00,18.00,40.00,4,2376.00,5280.00,0,0,4,1,دراسة الأعداد والتحليل والمنطق وتطبيقها في العلوم والتقنية.,1
الجامعة الهاشمية,الزرقاء,علوم الحاسوب,العلوم والتكنلوجيا,65,89.2,81.7,90.15,94.55,94,89.92,132.00,45.00,80.00,4,5940.00,10560.00,1,2,3,2,دراسة البرمجة والخوارزميات والذكاء الحاسوبي وتطوير التطبيقات.,1
الجامعة الهاشمية,الزرقاء,علم البيانات,العلوم والتكنلوجيا,65,83,83,87.75,93.2,92.5,87.89,132.00,60.00,80.00,4,7920.00,10560.00,1,3,3,2,تحليل البيانات واستخراج الأنماط لاتخاذ قرارات وتوقعات ذكية.,1
الجامعة الهاشمية,الزرقاء,الذكاء الاصطناعي,العلوم والتكنلوجيا,65,83,83,87.75,93.2,92.5,87.89,132.00,60.00,80.00,4,7920.00,10560.00,1,3,3,2,تطوير أنظمة تتعلم وتفكر وتحل المشاكل مثل الإنسان,1
الجامعة الهاشمية,الزرقاء,الامن السيبراني,العلوم والتكنلوجيا,65,84.9,84.9,89.3,92.95,90.7,88.55,132.00,60.00,80.00,4,7920.00,10560.00,1,3,3,2,حماية الأنظمة والشبكات والبيانات من الهجمات والاختراقات.,1
الجامعة الهاشمية,الزرقاء,هندسة البرمجيات,العلوم والتكنلوجيا,65,89.5,83.05,89.15,93.1,91.7,89.3,132.00,45.00,75.00,4,5940.00,9900.00,1,3,2,2,بناء وتطوير برامج كبيرة بجودة عالية وبطريقة منظمة.,1
الجامعة الهاشمية,الزرقاء,نظم المعلومات الحاسوبية,العلوم والتكنلوجيا,65,85,80.7,86.2,91.6,89.6,86.62,132.00,45.00,70.00,4,5940.00,9240.00,1,2,2,2,تصميم وإدارة أنظمة معلومات تخدم الأعمال والمؤسسات.,1
الجامعة الهاشمية,الزرقاء,تغذية الانسان والحميات,العلوم والتكنلوجيا,70,92.7,84.7,86.75,90.85,87.3,88.46,132.00,30.00,55.00,4,3960.00,7260.00,1,3,2,1,دراسة الغذاء وتأثيره على الصحة ووضع الأنظمة الغذائية العلاجية.,1
الجامعة الهاشمية,الزرقاء,اللغة العربية وآدابها,اللغات والعلوم الأجتماعية,65,91.9,92.3,91.9,92.8,89.7,91.72,132.00,16.00,40.00,4,2112.00,5280.00,0,0,2,1,دراسة اللغة العربية نحوًا وبلاغةً وأدبًا قديمًا وحديثًا,1
الجامعة الهاشمية,الزرقاء,اللغة الإنجليزية وآدابها,اللغات والعلوم الأجتماعية,65,95,89.95,94.6,95.4,93.3,93.65,132.00,16.00,60.00,4,2112.00,7920.00,0,0,2,1,دراسة اللغة الإنجليزية ومهاراتها وأدبها وثقافتها.,1
الجامعة الهاشمية,الزرقاء,اللغة الانجليزية التطبيقية,اللغات والعلوم الأجتماعية,65,95,89.95,94.6,95.4,95.5,94.09,132.00,16.00,60.00,4,2112.00,7920.00,1,2,2,0,تركيز على استخدام الإنجليزية عمليًا في الترجمة والتواصل وسوق العمل.,1
الجامعة الهاشمية,الزرقاء,التربية الخاصة,اللغات والعلوم الأجتماعية,65,86.3,83.1,84.85,91.5,88.5,86.85,132.00,30.00,50.00,4,3960.00,6600.00,1,2,3,2,تعليم ودعم ذوي الاحتياجات الخاصة وطرق دمجهم وتطوير قدراتهم.,1
الجامعة الهاشمية,الزرقاء,الارشاد والصحة النفسية,اللغات والعلوم الأجتماعية,65,89.9,83.4,86.5,91.45,88.45,87.94,132.00,30.00,40.00,4,3960.00,5280.00,1,2,3,2,تقديم الدعم النفسي والإرشاد لحل المشكلات وتحسين التوافق.,1
الجامعة الهاشمية,الزرقاء,الآثار,اللغات والعلوم الأجتماعية,65,66.4,65,65.05,66.9,66.7,66.01,132.00,15.00,40.00,4,1980.00,5280.00,1,2,2,0,دراسة الحضارات القديمة والتنقيب عن آثارها وحفظها وتحليلها.,1
الجامعة الهاشمية,الزرقاء,الادارة السياحية,اللغات والعلوم الأجتماعية,65,84.2,79.4,82.9,89.65,85.3,84.29,132.00,15.00,40.00,4,1980.00,5280.00,1,2,2,1,تنظيم وإدارة الخدمات والبرامج السياحية وتسويق الوجهات.,1
الجامعة الهاشمية,الزرقاء,إدارة الأعمال,الأعمال,65,91.5,83.75,90.5,93.45,91.5,90.14,132.00,16.00,60.00,4,2112.00,7920.00,1,2,2,1,تنظيم وتخطيط وإدارة الشركات والموارد لتحقيق أهدافها.,1
الجامعة الهاشمية,الزرقاء,المحاسبة,الأعمال,65,92.9,87.3,92.25,95.65,89.5,91.52,132.00,16.00,60.00,4,2112.00,7920.00,1,2,3,1,تسجيل وتحليل العمليات المالية وإعداد التقارير والميزانيات.,1
الجامعة الهاشمية,الزرقاء,التسويق,الأعمال,65,94.05,94.05,94.05,94.05,94.2,94.08,132.00,40.00,60.00,4,5280.00,7920.00,1,2,2,2,دراسة السوق وطرق الترويج للمنتجات وفهم سلوك العملاء.,1
الجامعة الهاشمية,الزرقاء,نظم المعلومات الادارية,الأعمال,65,90.5,85.9,90.15,93.7,91.5,90.35,132.00,20.00,60.00,4,2640.00,7920.00,1,2,3,2,دمج الإدارة مع التقنية لتطوير أنظمة معلومات تخدم المؤسسات.,1
جامعة اليرموك,إربد,الطب,صحي,90,98.6,94.6,95.55,97,97.1,96.57,257.00,100.00,200.00,6,25700.00,51400.00,1,3,4,1,يدرس جسم الأنسان وتشخيصه وعلاجة جراحيا و دوائياً.,1
جامعة اليرموك,إربد,الصيدلة,صحي,80,97.3,92.3,94.05,94.6,93.9,94.43,198.00,60.00,90.00,5,11880.00,17820.00,1,3,3,1,صناعة أدوية و طرق التحضير و فهم التأثيرات للأدوية.,1
جامعة اليرموك,إربد,التمريض,صحي,70,89,88,90.2,92.15,85.7,89.01,165.00,70.00,90.00,5,11550.00,14850.00,1,3,3,2,يهتم برعاية المرضى ومتابعة حالتهم وتنفيذ خطط العلاج والتوعية الصحية بالتعاون مع الفريق الطبي.,1
جامعة اليرموك,إربد,هندسة العمارة,هندسي,80,95.9,85.8,88.4,92,87.9,90,171.00,60.00,100.00,5,10260.00,17100.00,1,3,3,1,يجمع بين الفن والهندسة لتصميم المباني والفراغات بما يحقق الجمال والوظيفة والأمان.,1
جامعة اليرموك,إربد,هالهندسة المدنية,هندسي,80,93,80.1,84.55,83.65,80,84.26,160.00,60.00,100.00,4,9600.00,16000.00,1,2,3,1,تصميم وتنفيذ البنية التحتية مثل المباني والطرق والجسور وشبكات المياه.,1
جامعة اليرموك,إربد,هندسة الكهرباء,هندسي,80,89.7,80.15,81.95,85.1,80,83.38,160.00,29.00,75.00,4,4640.00,12000.00,1,2,4,2,دراسة وتصميم أنظمة الطاقة الكهربائية والإلكترونيات والتحكم.,1
جامعة اليرموك,إربد,هندسة الميكانيك,هندسي,80,91,83.5,85,91.4,92,88.58,160.00,30.00,55.00,4,4800.00,8800.00,1,2,3,1,تصميم وتشغيل الآلات والأنظمة الميكانيكية والطاقة والتبريد.,1
جامعة اليرموك,إربد,هندسة الحاسوب,هندسي,80,93.9,91.5,90,93,92.5,92.18,160.00,29.00,75.00,4,4640.00,12000.00,1,2,3,1,دمج العتاد والبرمجيات لتصميم أنظمة الحاسوب والدوائر الذكية.,1
جامعة اليرموك,إربد,الهندسة الصناعية,هندسي,80,94.5,84,87.33,91.4,98.8,91.206,132.00,29.00,50.00,4,3828.00,6600.00,1,2,3,2,تحسين كفاءة الإنتاج والعمليات وإدارة الجودة والموارد.,1
جامعة اليرموك,إربد,الاحياء والبيلوجيا,العلوم والتكنلوجيا,65,90.5,79.7,81.05,83.45,77.5,82.44,132.00,30.00,60.00,4,3960.00,7920.00,0,1,3,1,دراسة الكائنات الحية ووظائفها وتطورها وعلاقتها بالبيئة.,1
جامعة اليرموك,إربد,الكيمياء,العلوم والتكنلوجيا,65,90.8,80.3,81.2,83.45,75.1,82.17,132.00,30.00,70.00,4,3960.00,9240.00,0,1,3,1,فهم تركيب المواد وتفاعلاتها واستخدامها في مختلف المجالات.,1
جامعة اليرموك,إربد,الفيزياء,العلوم والتكنلوجيا,65,89.3,77.8,78.75,83.25,73.5,80.52,132.00,21.00,50.00,4,2772.00,6600.00,0,1,4,1,دراسة قوانين الطبيعة والطاقة والحركة والمادة وتطبيقاتها.,1
جامعة اليرموك,إربد,الجيلوجيا,العلوم والتكنلوجيا,65,83.1,73.35,74.35,75.7,75,76.3,132.00,40.00,65.00,4,5280.00,8580.00,0,2,3,0,دراسة الأرض والصخور والمعادن والموارد الطبيعية والزلازل,1
جامعة اليرموك,إربد,الرياضيات,العلوم والتكنلوجيا,65,92.8,80.4,81.3,82.9,74.5,82.38,132.00,35.00,60.00,4,4620.00,7920.00,0,0,4,1,دراسة الأعداد والتحليل والمنطق وتطبيقها في العلوم والتقنية.,1
جامعة اليرموك,إربد,علوم الحاسوب,العلوم والتكنلوجيا,65,88.7,81.8,87.4,92.05,92.2,88.43,132.00,45.00,70.00,4,5940.00,9240.00,1,2,3,2,دراسة البرمجة والخوارزميات والذكاء الحاسوبي وتطوير التطبيقات.,1
جامعة اليرموك,إربد,علم البيانات,العلوم والتكنلوجيا,65,90,83.05,86.8,90.05,87,87.38,132.00,55.00,80.00,4,7260.00,10560.00,1,3,3,2,تحليل البيانات واستخراج الأنماط لاتخاذ قرارات وتوقعات ذكية.,1
جامعة اليرموك,إربد,الذكاء الاصطناعي,العلوم والتكنلوجيا,65,90,83.05,86.8,90.05,87,87.38,132.00,55.00,80.00,4,7260.00,10560.00,1,3,3,2,تطوير أنظمة تتعلم وتفكر وتحل المشاكل مثل الإنسان,1
جامعة اليرموك,إربد,الامن السيبراني,العلوم والتكنلوجيا,65,93.7,85.8,87.45,90.1,85.6,88.53,132.00,55.00,80.00,4,7260.00,10560.00,1,3,3,2,حماية الأنظمة والشبكات والبيانات من الهجمات والاختراقات.,1
جامعة اليرموك,إربد,نظم المعلومات الحاسوبية,العلوم والتكنلوجيا,65,85.7,79.6,80.85,88.35,83,83.5,132.00,20.00,23.00,4,2640.00,3036.00,0,2,2,1,تصميم وإدارة أنظمة معلومات تخدم الأعمال والمؤسسات.,1
جامعة اليرموك,إربد,اللغة العربية وآدابها,اللغات والعلوم الأجتماعية,65,95.9,87.1,89.8,87.45,83.1,88.67,132.00,30.00,50.00,4,3960.00,6600.00,0,0,2,0,دراسة اللغة العربية نحوًا وبلاغةً وأدبًا قديمًا وحديثًا,1
جامعة اليرموك,إربد,اللغة الإنجليزية وآدابها,اللغات والعلوم الأجتماعية,65,96.8,88.8,90.4,90.35,86.8,90.63,132.00,35.00,60.00,4,4620.00,7920.00,0,0,2,1,دراسة اللغة الإنجليزية ومهاراتها وأدبها وثقافتها.,1
جامعة اليرموك,إربد,اللغة الفرنسية وآدابها,اللغات والعلوم الأجتماعية,65,83,78,80,82,83,81.2,132.00,30.00,60.00,4,3960.00,7920.00,0,0,2,0,دراسة اللغة الفرنسية وقواعدها وأدبها وثقافتها.,1
جامعة اليرموك,إربد,اللغة الانجليزية التطبيقية,اللغات والعلوم الأجتماعية,65,92,89.5,90.25,93.05,90,90.96,132.00,60.00,80.00,4,7920.00,10560.00,0,2,2,2,تركيز على استخدام الإنجليزية عمليًا في الترجمة والتواصل وسوق العمل.,1
جامعة اليرموك,إربد,علم النفس,اللغات والعلوم الأجتماعية,65,89.2,83.5,84.5,86.95,86.6,86.15,132.00,30.00,60.00,4,3960.00,7920.00,1,1,3,1,فهم سلوك الإنسان وعملياته العقلية والانفعالية وتشخيصها.,1
جامعة اليرموك,إربد,علم الاجتماع,اللغات والعلوم الأجتماعية,65,87.4,78.6,80.45,84.15,78.5,81.82,132.00,30.00,50.00,4,3960.00,6600.00,0,1,2,0,دراسة المجتمع والعلاقات الاجتماعية والتغيرات والقضايا المجتمعية.,1
جامعة اليرموك,إربد,التربية الخاصة,اللغات والعلوم الأجتماعية,65,86,82.5,83,83,80,82.9,132.00,20.00,40.00,4,2640.00,5280.00,1,2,3,2,تعليم ودعم ذوي الاحتياجات الخاصة وطرق دمجهم وتطوير قدراتهم.,1
جامعة اليرموك,إربد,التربية البدنية,اللغات والعلوم الأجتماعية,65,89.7,81.95,80.85,83.75,77.6,82.77,132.00,35.00,60.00,4,4620.00,7920.00,1,3,2,1,دراسة الرياضة وعلوم الحركة والتدريب لتحسين الصحة واللياقة,1
جامعة اليرموك,إربد,الارشاد والصحة النفسية,اللغات والعلوم الأجتماعية,65,89.2,83.25,85.3,86.95,85,85.94,132.00,25.00,40.00,4,3300.00,5280.00,1,2,3,2,تقديم الدعم النفسي والإرشاد لحل المشكلات وتحسين التوافق.,1
جامعة اليرموك,إربد,الفلسفة,اللغات والعلوم الأجتماعية,65,76,73,74,74,78,75,132.00,20.00,35.00,4,2640.00,4620.00,1,0,3,0,دراسة الفكر الإنساني والمنطق والأسئلة الكبرى حول الوجود والمعرفة والأخلاق.,1
جامعة اليرموك,إربد,الآثار,اللغات والعلوم الأجتماعية,65,79,76.35,74.3,80.2,75.1,76.99,132.00,16.00,40.00,4,2112.00,5280.00,1,2,2,0,دراسة الحضارات القديمة والتنقيب عن آثارها وحفظها وتحليلها.,1
جامعة اليرموك,إربد,الادارة السياحية,اللغات والعلوم الأجتماعية,65,80.9,76.65,74.7,86.3,78.7,79.45,132.00,35.00,50.00,4,4620.00,6600.00,1,2,2,1,تنظيم وإدارة الخدمات والبرامج السياحية وتسويق الوجهات.,1
جامعة اليرموك,إربد,القانون,القانون والعلوم الشرعية,65,96.5,92.5,92,93.7,90.3,93,141.00,35.00,60.00,4,4935.00,8460.00,0,1,4,1,دراسة الأنظمة والتشريعات لتنظيم حقوق الناس وحل النزاعات.,1
جامعة اليرموك,إربد,أصول الدين,القانون والعلوم الشرعية,75,83.3,77.55,78.35,80.6,75.1,78.98,132.00,16.00,40.00,4,2112.00,5280.00,0,0,3,0,دراسة العقيدة الإسلامية والتفسير والحديث وعلومها.,1
جامعة اليرموك,إربد,الفقه وأصوله,القانون والعلوم الشرعية,75,90.5,82,84.15,84.15,78.3,83.82,132.00,16.00,40.00,4,2112.00,5280.00,0,0,3,0,فهم الأحكام الشرعية وكيفية استنباطها من مصادرها.,1
جامعة اليرموك,إربد,إدارة الأعمال,الأعمال,65,91.5,88.5,91.5,89.6,82,88.62,132.00,30.00,50.00,4,3960.00,6600.00,1,2,2,1,تنظيم وتخطيط وإدارة الشركات والموارد لتحقيق أهدافها.,1
جامعة اليرموك,إربد,المحاسبة,الأعمال,65,88.7,84.75,88.35,90.95,85,87.55,132.00,30.00,60.00,4,3960.00,7920.00,1,2,3,1,تسجيل وتحليل العمليات المالية وإعداد التقارير والميزانيات.,1
جامعة اليرموك,إربد,التمويل,الأعمال,65,86,81.1,86.75,91.85,82,85.54,132.00,30.00,50.00,4,3960.00,6600.00,1,2,3,2,إدارة الأموال والاستثمارات والقروض واتخاذ قرارات مالية ذكية.,1
جامعة اليرموك,إربد,التسويق,الأعمال,65,86.5,89,90,91.85,80,87.47,132.00,30.00,50.00,4,3960.00,6600.00,1,2,2,2,دراسة السوق وطرق الترويج للمنتجات وفهم سلوك العملاء.,1
جامعة اليرموك,إربد,نظم المعلومات الادارية,الأعمال,65,85.7,79.6,80.85,89.6,84,83.95,132.00,30.00,45.00,4,3960.00,5940.00,1,2,3,2,دمج الإدارة مع التقنية لتطوير أنظمة معلومات تخدم المؤسسات.,1
جامعة اليرموك,إربد,الإدارة العامة,الأعمال,65,83.8,77.9,81.25,82.5,85.3,82.15,132.00,30.00,40.00,4,3960.00,5280.00,1,2,2,0,إدارة وتنظيم العمل في القطاعات الحكومية والخدمية.,1
جامعة اليرموك,إربد,إقتصاد الأعمال,الأعمال,65,84.2,77.95,78.5,85.3,84.6,82.11,132.00,30.00,50.00,4,3960.00,6600.00,0,1,3,1,دراسة الاقتصاد وتطبيقه على قرارات الشركات والأسواق.,1
جامعة مؤتة,الكرك,الطب,صحي,90,98.2,93.55,94.95,96.65,96.7,96.01,257.00,100.00,150.00,6,25700.00,38550.00,1,3,4,1,يدرس جسم الأنسان وتشخيصه وعلاجة جراحيا و دوائياً.,1
جامعة مؤتة,الكرك,طب الأسنان,صحي,90,98,98,95.5,95.5,95.5,96.5,198.00,150.00,225.00,5,29700.00,44550.00,1,3,4,1,صحة الفم والأسنان.,1
جامعة مؤتة,الكرك,الصيدلة,صحي,80,97,91.45,93.6,94.55,94.2,94.16,165.00,60.00,90.00,5,9900.00,14850.00,1,3,3,1,صناعة أدوية و طرق التحضير و فهم التأثيرات للأدوية.,1
جامعة مؤتة,الكرك,التمريض,صحي,70,94.7,85.95,89.4,91.7,88.4,90.03,135.00,40.00,60.00,4,5400.00,8100.00,1,3,3,2,يهتم برعاية المرضى ومتابعة حالتهم وتنفيذ خطط العلاج والتوعية الصحية بالتعاون مع الفريق الطبي.,1
جامعة مؤتة,الكرك,علوم المختبرات الطبية,صحي,70,94.7,82.75,88.1,89.4,86.95,88.38,132.00,45.00,75.00,4,5940.00,9900.00,1,4,3,1,إجراء التحاليل الطبية على عينات المريض للكشف عن امراض وتشخيصها.,1
جامعة مؤتة,الكرك,دكتور الصيدلة,صحي,80,95.7,95.7,94.2,95.7,94.2,95.1,219.00,60.00,100.00,6,13140.00,21900.00,1,3,4,1,التعامل المباشر مع المريض وفي المشفى ومتابعة العلاجات.,1
جامعة مؤتة,الكرك,هندسة العمارة,هندسي,80,95.1,86.07,86.3,92.3,89,89.754,171.00,50.00,75.00,5,8550.00,12825.00,1,3,3,1,يجمع بين الفن والهندسة لتصميم المباني والفراغات بما يحقق الجمال والوظيفة والأمان.,1
جامعة مؤتة,الكرك,هالهندسة المدنية,هندسي,80,93.8,80.2,80.05,85.8,80.05,83.98,160.00,40.00,55.00,4,6400.00,8800.00,1,4,3,1,تصميم وتنفيذ البنية التحتية مثل المباني والطرق والجسور وشبكات المياه.,1
جامعة مؤتة,الكرك,هندسة الكهرباء,هندسي,80,87.3,80.3,81.15,82.65,80.05,82.29,160.00,40.00,55.00,4,6400.00,8800.00,1,3,4,2,دراسة وتصميم أنظمة الطاقة الكهربائية والإلكترونيات والتحكم.,1
جامعة مؤتة,الكرك,هندسة الميكانيك,هندسي,80,88.6,80,80.05,84.3,80.05,82.6,160.00,40.00,55.00,4,6400.00,8800.00,1,2,3,1,تصميم وتشغيل الآلات والأنظمة الميكانيكية والطاقة والتبريد.,1
جامعة مؤتة,الكرك,الهندسة الكيميائية,هندسي,65,90.7,80,80.15,89.4,84.2,84.89,160.00,40.00,55.00,4,6400.00,8800.00,1,2,4,1,تحويل المواد الخام إلى منتجات مفيدة عبر عمليات كيميائية وصناعية.,1
جامعة مؤتة,الكرك,هندسة الحاسوب,هندسي,65,87,80.25,80.2,89.9,86.6,84.79,132.00,40.00,55.00,4,5280.00,7260.00,1,2,3,1,دمج العتاد والبرمجيات لتصميم أنظمة الحاسوب والدوائر الذكية.,1
جامعة مؤتة,الكرك,هندسة الميكاترونيكس,هندسي,65,77.8,75,70.9,86.05,83.7,78.69,132.00,40.00,70.00,4,5280.00,9240.00,1,3,3,2,دمج الميكانيك والكهرباء والبرمجة لصنع أنظمة وأجهزة ذكية.,1
جامعة مؤتة,الكرك,الهندسة الصناعية,هندسي,65,80.15,80.15,80.15,82.75,80.05,80.65,132.00,40.00,55.00,4,5280.00,7260.00,1,2,3,2,تحسين كفاءة الإنتاج والعمليات وإدارة الجودة والموارد.,1
جامعة مؤتة,الكرك,الكيمياء,العلوم والتكنلوجيا,65,84.6,74.15,72.9,81.55,77.3,78.1,132.00,30.00,50.00,4,3960.00,6600.00,0,1,3,1,فهم تركيب المواد وتفاعلاتها واستخدامها في مختلف المجالات.,1
جامعة مؤتة,الكرك,الفيزياء,العلوم والتكنلوجيا,65,84.1,71.9,68.25,79.4,74.9,75.71,132.00,30.00,50.00,4,3960.00,6600.00,0,1,4,1,دراسة قوانين الطبيعة والطاقة والحركة والمادة وتطبيقاتها.,1
جامعة مؤتة,الكرك,الجيلوجيا,العلوم والتكنلوجيا,65,77.8,75,70.9,86.05,77.75,77.5,132.00,20.00,45.00,4,2640.00,5940.00,0,2,3,0,دراسة الأرض والصخور والمعادن والموارد الطبيعية والزلازل,1
جامعة مؤتة,الكرك,الرياضيات,العلوم والتكنلوجيا,65,87.8,74.4,73.85,82.15,84.8,80.6,132.00,30.00,50.00,4,3960.00,6600.00,0,0,4,1,دراسة الأعداد والتحليل والمنطق وتطبيقها في العلوم والتقنية.,1
جامعة مؤتة,الكرك,علوم الحاسوب,العلوم والتكنلوجيا,65,82,76.55,76.05,88.75,84.8,81.63,132.00,50.00,60.00,4,6600.00,7920.00,1,2,3,2,دراسة البرمجة والخوارزميات والذكاء الحاسوبي وتطوير التطبيقات.,1
جامعة مؤتة,الكرك,علم البيانات,العلوم والتكنلوجيا,65,82,77.9,82.85,88.3,84.9,83.19,132.00,50.00,70.00,4,6600.00,9240.00,1,3,3,2,تحليل البيانات واستخراج الأنماط لاتخاذ قرارات وتوقعات ذكية.,1
جامعة مؤتة,الكرك,الذكاء الاصطناعي,العلوم والتكنلوجيا,65,82,77.9,82.85,88.3,84.9,83.19,132.00,50.00,70.00,4,6600.00,9240.00,1,3,3,2,تطوير أنظمة تتعلم وتفكر وتحل المشاكل مثل الإنسان,1
جامعة مؤتة,الكرك,الامن السيبراني,العلوم والتكنلوجيا,65,82,78..65,82.8,84.1,84.1,83.25,132.00,50.00,65.00,4,6600.00,8580.00,1,3,3,2,حماية الأنظمة والشبكات والبيانات من الهجمات والاختراقات.,1
جامعة مؤتة,الكرك,هندسة البرمجيات,العلوم والتكنلوجيا,65,85.1,78.4,77.8,88.25,84.1,82.73,132.00,50.00,65.00,4,6600.00,8580.00,1,3,2,2,بناء وتطوير برامج كبيرة بجودة عالية وبطريقة منظمة.,1
جامعة مؤتة,الكرك,نظم المعلومات الحاسوبية,العلوم والتكنلوجيا,65,75.6,74.2,70.8,79.7,78.9,75.84,132.00,50.00,60.00,4,6600.00,7920.00,1,2,2,1,تصميم وإدارة أنظمة معلومات تخدم الأعمال والمؤسسات.,1
جامعة مؤتة,الكرك,هندسة زراعية,العلوم والتكنلوجيا,65,77.8,75,70.9,86.05,79,77.75,132.00,25.00,40.00,4,3300.00,5280.00,1,3,2,0,تطبيق الهندسة في الزراعة لتحسين الإنتاج والري والآلات الزراعية.,1
جامعة مؤتة,الكرك,الانتاج الحيواني,العلوم والتكنلوجيا,65,78.1,65.75,67.95,80.2,74.8,73.36,132.00,30.00,40.00,4,3960.00,5280.00,0,2,2,0,"تربية وتحسين إنتاج الحيوانات (لحوم، ألبان، دواجن) علمياً.",1
جامعة مؤتة,الكرك,علم وتكنلوجيا الغذاء,العلوم والتكنلوجيا,65,88.3,81.05,79.8,88.45,87.35,84.99,132.00,40.00,50.00,4,5280.00,6600.00,1,3,2,1,تصنيع وحفظ وتحسين جودة وسلامة الأغذية,1
جامعة مؤتة,الكرك,اللغة العربية وآدابها,اللغات والعلوم الأجتماعية,65,87.5,78.4,81.25,84.4,82.9,82.89,132.00,30.00,40.00,4,3960.00,5280.00,0,0,2,0,دراسة اللغة العربية نحوًا وبلاغةً وأدبًا قديمًا وحديثًا,1
جامعة مؤتة,الكرك,اللغة الإنجليزية وآدابها,اللغات والعلوم الأجتماعية,65,93,81.9,83.35,92.9,85.4,87.31,132.00,30.00,40.00,4,3960.00,5280.00,0,0,2,1,دراسة اللغة الإنجليزية ومهاراتها وأدبها وثقافتها.,1
جامعة مؤتة,الكرك,اللغة الانجليزية التطبيقية,اللغات والعلوم الأجتماعية,65,85.45,77.9,77.9,85.95,85,82.44,132.00,50.00,60.00,4,6600.00,7920.00,0,2,2,0,تركيز على استخدام الإنجليزية عمليًا في الترجمة والتواصل وسوق العمل.,1
جامعة مؤتة,الكرك,علم النفس,اللغات والعلوم الأجتماعية,65,85.8,79.45,73.55,88,80.56,81.472,132.00,30.00,40.00,4,3960.00,5280.00,1,1,3,2,فهم سلوك الإنسان وعملياته العقلية والانفعالية وتشخيصها.,1
جامعة مؤتة,الكرك,علم الاجتماع,اللغات والعلوم الأجتماعية,65,74.2,72,67.75,78.9,74.7,73.51,132.00,30.00,40.00,4,3960.00,5280.00,1,1,2,1,دراسة المجتمع والعلاقات الاجتماعية والتغيرات والقضايا المجتمعية.,1
جامعة مؤتة,الكرك,التربية الخاصة,اللغات والعلوم الأجتماعية,65,74.7,79.5,79.5,79.5,74.7,77.58,132.00,30.00,40.00,4,3960.00,5280.00,1,2,3,0,تعليم ودعم ذوي الاحتياجات الخاصة وطرق دمجهم وتطوير قدراتهم.,1
جامعة مؤتة,الكرك,التربية البدنية,اللغات والعلوم الأجتماعية,65,77.4,74.8,71.75,81.55,80,77.1,132.00,30.00,40.00,4,3960.00,5280.00,1,3,2,2,دراسة الرياضة وعلوم الحركة والتدريب لتحسين الصحة واللياقة,1
جامعة مؤتة,الكرك,الارشاد والصحة النفسية,اللغات والعلوم الأجتماعية,65,76.9,74.5,71.2,83.95,78.2,76.95,132.00,30.00,40.00,4,3960.00,5280.00,1,2,3,2,تقديم الدعم النفسي والإرشاد لحل المشكلات وتحسين التوافق.,1
جامعة مؤتة,الكرك,الآثار,اللغات والعلوم الأجتماعية,65,72.6,72.05,67.15,78.95,74.55,73.06,132.00,30.00,40.00,4,3960.00,5280.00,0,2,2,0,دراسة الحضارات القديمة والتنقيب عن آثارها وحفظها وتحليلها.,1
جامعة مؤتة,الكرك,الادارة السياحية,اللغات والعلوم الأجتماعية,65,72.6,72.05,67.15,78.95,74.55,73.06,132.00,30.00,40.00,4,3960.00,5280.00,1,2,2,1,تنظيم وإدارة الخدمات والبرامج السياحية وتسويق الوجهات.,1
جامعة مؤتة,الكرك,القانون,القانون والعلوم الشرعية,75,87.1,76.9,72.25,85.15,80.75,80.43,132.00,30.00,50.00,4,3960.00,6600.00,0,1,4,1,دراسة الأنظمة والتشريعات لتنظيم حقوق الناس وحل النزاعات.,1
جامعة مؤتة,الكرك,أصول الدين,القانون والعلوم الشرعية,75,81.5,78,78.25,78.25,81.5,79.5,132.00,30.00,40.00,4,3960.00,5280.00,0,0,3,0,دراسة العقيدة الإسلامية والتفسير والحديث وعلومها.,1
جامعة مؤتة,الكرك,الفقه وأصوله,القانون والعلوم الشرعية,75,86.1,76.9,76.9,78.35,81.55,79.96,132.00,30.00,40.00,4,3960.00,5280.00,0,0,3,0,فهم الأحكام الشرعية وكيفية استنباطها من مصادرها.,1
جامعة مؤتة,الكرك,إدارة الأعمال,الأعمال,65,85.4,76.4,71.2,85.8,82.35,80.23,132.00,30.00,40.00,4,3960.00,5280.00,1,2,2,1,تنظيم وتخطيط وإدارة الشركات والموارد لتحقيق أهدافها.,1
جامعة مؤتة,الكرك,المحاسبة,الأعمال,65,87.1,76.9,72.25,85.15,80.75,80.43,132.00,30.00,40.00,4,3960.00,5280.00,1,2,3,1,تسجيل وتحليل العمليات المالية وإعداد التقارير والميزانيات.,1
جامعة مؤتة,الكرك,التسويق,الأعمال,65,77.8,75,70.9,86.05,83.7,78.69,132.00,40.00,50.00,4,5280.00,6600.00,1,2,2,2,دراسة السوق وطرق الترويج للمنتجات وفهم سلوك العملاء.,1
جامعة مؤتة,الكرك,نظم المعلومات الادارية,الأعمال,65,85.1,78.4,77.8,88.25,80.8,82.07,132.00,22.00,45.00,4,2904.00,5940.00,1,2,3,2,دمج الإدارة مع التقنية لتطوير أنظمة معلومات تخدم المؤسسات.,1
جامعة مؤتة,الكرك,الإدارة العامة,الأعمال,65,80.5,80.5,80.5,80.5,78.7,80.14,132.00,30.00,40.00,4,3960.00,5280.00,1,2,2,0,إدارة وتنظيم العمل في القطاعات الحكومية والخدمية.,1
جامعة مؤتة,الكرك,إقتصاد الأعمال,الأعمال,65,73.4,72.5,66.6,77.3,74.95,72.95,132.00,30.00,40.00,4,3960.00,5280.00,0,1,3,1,دراسة الاقتصاد وتطبيقه على قرارات الشركات والأسواق.,1
جامعة آل البيت, المفرق,التمريض,صحي,70,92.1,85.8,87.6,89.05,85.5,88.01,135.00,45.00,65.00,4,6075.00,8775.00,1,3,3,2,رعاية المرضى ومتابعة العلاج داخل المستشفيات,1
جامعة آل البيت,المفرق,علوم المختبرات الطبية,صحي,70,94.7,82.75,88.1,89.4,89,88.79,132.00,50.00,75.00,4,6600.00,9900.00,1,4,3,1,تحليل عينات المرضى للمساعدة بالتشخيص,1
جامعة آل البيت,المفرق,علوم السمع والنطق,صحي,65,75.7,82.95,75.7,82.95,82.95,80.05,132.00,50.00,75.00,4,6600.00,9900.00,1,3,3,1,تشخيص وعلاج مشاكل السمع والنطق واللغة,1
جامعة آل البيت, المفرق,تقنيات الأشعة الطبية,صحي,70,90.7,90,80.3,80.3,84.35,85.13,132.00,50.00,75.00,4,6600.00,9900.00,1,4,2,2,تصوير طبي (أشعة/رنين/طبقي) للتشخيص,1
جامعة آل البيت,المفرق,هندسة العمارة,هندسي,80,92.4,80.15,80,85.3,80.05,83.58,171.00,40.00,60.00,5,6840.00,10260.00,1,3,4,1,تصميم المباني والمساحات بشكل وظيفي وجمالي.,1
جامعة آل البيت,المفرق,هالهندسة المدنية,هندسي,80,90.9,80.1,80,80.65,80,82.33,160.00,40.00,60.00,4,6400.00,9600.00,1,4,4,1,تنفيذ وتصميم مشاريع مثل الطرق والجسور والمباني,1
جامعة آل البيت,المفرق,هندسة الطاقة المتجددة,هندسي,80,90.3,83.2,81.2,88.2,80,84.58,163.00,50.00,70.00,5,8150.00,11410.00,1,3,3,2,تصميم أنظمة طاقة شمسية ورياح وكفاءة طاقة.,1
جامعة آل البيت,المفرق,هندسة المساحة,هندسي,80,87.1,87.1,80.15,80.15,80,82.9,163.00,30.00,50.00,5,4890.00,8150.00,1,3,3,1,قياس الأراضي ورسم الخرائط وتحديد المواقع.,1
جامعة آل البيت, المفرق,الكيمياء,العلوم والتكنلوجيا,65,86.5,74.6,75.6,82.3,82.5,80.3,132.00,30.00,45.00,4,3960.00,5940.00,0,1,3,1,دراسة المواد والتفاعلات واستخدامها في الصناعة والدواء,1
جامعة آل البيت,المفرق,الفيزياء,العلوم والتكنلوجيا,65,85.3,71.15,70.15,77.9,71.9,75.28,132.00,30.00,45.00,4,3960.00,5940.00,0,1,4,1,فهم قوانين الطبيعة والطاقة وتطبيقاتها في التقنية.,1
جامعة آل البيت,المفرق,الرياضيات,العلوم والتكنلوجيا,65,87.7,74.75,73.05,79.65,73.95,77.82,132.00,30.00,45.00,4,3960.00,5940.00,0,0,3,1,حل مسائل وتحليل ونمذجة تستخدم بكل العلوم.,1
جامعة آل البيت,المفرق,نظم المعلومات الجغرافية,العلوم والتكنلوجيا,65,78.7,78.7,74.75,74.75,78.7,77.12,132.00,35.00,55.00,4,4620.00,7260.00,1,2,2,2,بناء أنظمة معلومات وقواعد بيانات للمؤسسات.,1
جامعة آل البيت,المفرق,علوم الحاسوب,العلوم والتكنلوجيا,65,84.5,78.35,77.5,88.1,96.94,85.078,132.00,40.00,55.00,4,5280.00,7260.00,1,1,3,2,برمجة وتطوير برمجيات وخوارزميات وتقنيات حديثة.,1
جامعة آل البيت,المفرق,علوم الأرض والبيئة التطبيقية,العلوم والتكنلوجيا,65,77.1,66.65,66.75,74.1,70.95,71.11,132.00,30.00,45.00,4,3960.00,5940.00,0,2,2,0,دراسة البيئة والجيولوجيا والموارد الطبيعية.,1
جامعة آل البيت,المفرق,العلوم السياسية,العلوم والتكنلوجيا,65,82.5,75.5,71.5,80.2,79.2,77.78,132.00,30.00,45.00,4,3960.00,5940.00,1,1,3,2,فهم الأنظمة السياسية والعلاقات الدولية والسياسات.,1
جامعة آل البيت,المفرق,علم البيانات,العلوم والتكنلوجيا,65,78.5,78.5,79.3,86.85,86.45,81.92,132.00,50.00,75.00,4,6600.00,9900.00,1,3,4,2,تحليل البيانات واستخراج نتائج وتوقعات مفيدة.,1
جامعة آل البيت,المفرق,الذكاء الاصطناعي,العلوم والتكنلوجيا,65,78.5,78.5,79.3,86.85,86.45,81.92,132.00,50.00,75.00,4,6600.00,9900.00,1,3,4,2,تطوير أنظمة تتعلم مثل الإنسان وتعمل بذكاء.,1
جامعة آل البيت,المفرق,الامن السيبراني,العلوم والتكنلوجيا,65,81.4,74.2,80.1,86.1,82.65,80.89,132.00,50.00,75.00,4,6600.00,9900.00,1,3,4,2,حماية الشبكات والبيانات من الاختراق والهجمات.,1
جامعة آل البيت,المفرق,نظم المعلومات الحاسوبية,العلوم والتكنلوجيا,65,81.8,76.05,73.8,82.65,79.6,78.78,132.00,40.00,55.00,4,5280.00,7260.00,1,2,2,1,تصميم حلول تقنية تربط بين الإدارة والتقنية.,1
جامعة آل البيت,المفرق,اللغة العربية وآدابها,اللغات والعلوم الأجتماعية,65,88.3,82.1,80.4,85.95,82.25,83.8,132.00,30.00,45.00,4,3960.00,5940.00,0,0,1,0,دراسة اللغة والأدب والكتابة والتحليل.,1
جامعة آل البيت,المفرق,اللغة الإنجليزية وآدابها,اللغات والعلوم الأجتماعية,65,93.2,82.65,84.85,91.85,86.5,87.81,132.00,35.00,45.00,4,4620.00,5940.00,0,0,2,1,لغة وأدب وترجمة وتواصل أكاديمي.,1
جامعة آل البيت,المفرق,اللغة الفرنسية وآدابها,اللغات والعلوم الأجتماعية,65,89.2,78.55,73.25,85.55,76.75,80.66,132.00,35.00,45.00,4,4620.00,5940.00,0,0,2,0,لغة وثقافة وأدب ومهارات ترجمة.,1
جامعة آل البيت,المفرق,اللغة الانجليزية التطبيقية,اللغات والعلوم الأجتماعية,65,86.65,86.5,86.7,86.5,86.7,86.61,132.00,20.00,40.00,4,2640.00,5280.00,0,2,2,0,إنجليزي عملي للوظائف والترجمة.,1
جامعة آل البيت,المفرق,التربية الخاصة,اللغات والعلوم الأجتماعية,65,71,81.6,75.35,81.5,83.5,78.59,132.00,35.00,45.00,4,4620.00,5940.00,1,2,2,2,تعليم وتأهيل ذوي الإعاقات وصعوبات التعلم.,1
جامعة آل البيت,المفرق,التربية البدنية,اللغات والعلوم الأجتماعية,65,75.8,86,81.7,83.7,83.9,82.22,132.00,35.00,50.00,4,4620.00,6600.00,1,3,1,1,تعليم الرياضة واللياقة وإدارة الأنشطة الرياضية.,1
جامعة آل البيت,المفرق,تكنولوجيا مالية,اللغات والعلوم الأجتماعية,65,78.1,81.75,81.75,89.4,89.4,84.08,132.00,35.00,55.00,4,4620.00,7260.00,1,3,3,2,تطبيقات وتقنيات حديثة في الخدمات المالية والبنوك.,1
جامعة آل البيت,المفرق,معلم الصف / إناث,اللغات والعلوم الأجتماعية,65,83.4,77.05,75.9,83.55,82.5,80.48,132.00,35.00,45.00,4,4620.00,5940.00,1,2,1,2,تنظيم الكتب والمصادر والبحث والأرشفة.,1
جامعة آل البيت,المفرق,اللغة والادب/ايطالي - انجليزي,اللغات والعلوم الأجتماعية,65,84.3,71.1,84.3,81.55,78.8,80.01,132.00,35.00,45.00,4,4620.00,5940.00,0,0,2,1,دراسة الحضارات والتنقيب وتحليل القطع الأثرية.,1
جامعة آل البيت,المفرق,اللغة والادب/اسباني - انجليزي,اللغات والعلوم الأجتماعية,65,88,81.65,76.5,88.35,79,82.7,132.00,35.00,45.00,4,4620.00,5940.00,0,0,2,1,دراسة الإسبانية مع الإنجليزية للترجمة والعمل.,1
جامعة آل البيت,المفرق,معلم الصف,اللغات والعلوم الأجتماعية,65,83.4,77.05,75.9,83.55,82.5,80.48,132.00,35.00,45.00,4,4620.00,5940.00,1,2,1,2,دراسة الإسبانية مع الفرنسية للترجمة والتواصل.,1
جامعة آل البيت,المفرق,التاريخ,اللغات والعلوم الأجتماعية,65,85,78.85,74.25,82.85,82.9,80.77,132.00,30.00,45.00,4,3960.00,5940.00,0,0,1,0,إعداد معلم للمرحلة الأساسية وتدريس مواد متعددة.,1
جامعة آل البيت,المفرق,الجغرافيا التطبيقية,اللغات والعلوم الأجتماعية,65,80,83.15,83.15,83,80,81.86,132.00,40.00,50.00,4,5280.00,6600.00,0,2,2,0,دراسة الأحداث والحضارات وتحليل الماضي لفهم الحاضر.,1
جامعة آل البيت,المفرق,القانون,القانون والعلوم الشرعية,75,88.57,87.15,90,87.15,90.46,88.666,132.00,30.00,35.00,4,3960.00,4620.00,0,1,3,1,دراسة الأنظمة والحقوق للعمل في المجال القانوني.,1
جامعة آل البيت,المفرق,أصول الدين,القانون والعلوم الشرعية,75,80.5,75.4,75.15,80.25,78.4,77.94,132.00,30.00,35.00,4,3960.00,4620.00,0,0,1,0,علوم شرعية مثل العقيدة والحديث والتفسير.,1
جامعة آل البيت,المفرق,الامامة والوعظ والارشاد,القانون والعلوم الشرعية,75,75,78.4,75,78,78.4,76.96,132.00,30.00,35.00,4,3960.00,4620.00,0,0,1,0,إعداد خطباء ومرشدين للتوجيه الديني.,1
جامعة آل البيت,المفرق,الفقه وأصوله,القانون والعلوم الشرعية,75,81.4,75.95,75.55,82.15,78.4,78.69,132.00,30.00,35.00,4,3960.00,4620.00,0,0,1,0,أحكام شرعية وقواعد الاستنباط الفقهي.,1
جامعة آل البيت,المفرق,إدارة الأعمال,الأعمال,65,85.8,77.1,76.15,86.35,85.96,82.272,132.00,35.00,45.00,4,4620.00,5940.00,1,2,1,1,إدارة الشركات والتسويق والموارد والعمليات.,1
جامعة آل البيت,المفرق,المحاسبة,الأعمال,65,88.9,79.15,79.3,89,92.3,85.73,132.00,35.00,45.00,4,4620.00,5940.00,1,2,2,1,تسجيل وتحليل الحسابات وإعداد التقارير المالية.,1
جامعة آل البيت,المفرق,التمويل,الأعمال,65,82.7,74.95,71.85,83.65,80,78.63,132.00,35.00,45.00,4,4620.00,5940.00,1,2,2,2,استثمار وإدارة الأموال والأسواق المالية.,1
جامعة آل البيت, المفرق,التسويق,الأعمال,65,85.3,84.45,81.65,90.15,87.7,85.85,132.00,45.00,65.00,4,5940.00,8580.00,1,2,2,2,دراسة السوق والعملاء والترويج وبناء العلامة.,1
جامعة آل البيت,المفرق,نظم المعلومات الادارية,الأعمال,65,81.52,77.45,85.6,77.45,85.6,81.524,132.00,35.00,55.00,4,4620.00,7260.00,1,2,2,2,أنظمة تقنية لدعم الإدارة واتخاذ القرار.,1
جامعة آل البيت,المفرق,الإدارة العامة,الأعمال,65,89.23,92.5,85.96,92.5,85.96,89.23,132.00,35.00,45.00,4,4620.00,5940.00,1,2,2,0,إدارة المؤسسات الحكومية والسياسات والخدمات.,1
جامعة آل البيت,المفرق,إقتصاد الأعمال,الأعمال,65,83.18,80.4,85.96,80.4,85.96,83.18,132.00,20.00,40.00,4,2640.00,5280.00,0,1,2,1,يركز على تحليل السوق والشركات اقتصاديًا,1
جامعة آل البيت, المفرق,نظم المعلومات المحاسبية,الأعمال,65,85.5,76.95,94.06,76.95,94.06,85.504,132.00,40.00,55.00,4,5280.00,7260.00,1,2,2,2,"استخدام الأنظمة والبرامج لتسجيل البيانات المالية، إعداد التقارير، الرقابة، التدقيق، وتحليل المعلومات لدعم القرار داخل المؤسسات",1
جامعة العلوم و التكنولوجيا,إربد,الطب,صحي,90,98.6,99.2,96.8,97.83,98.1,98.106,257.00,150.00,150.00,6,38550.00,38550.00,1,4,4,2,"دراسة تشخيص الأمراض وعلاجها والوقاية منها، والعمل كطبيب في المستشفيات والعيادات بمختلف التخصصات الطبية.",1
جامعة العلوم و التكنولوجيا,إربد,طب الأسنان,صحي,90,97.4,98.4,94.7,96.45,97.15,96.82,210.00,150.00,150.00,6,31500.00,31500.00,1,4,4,1,"يهتم بصحة الفم والأسنان واللثة، ويشمل علاج التسوس، التقويم، الزراعة، وجراحة الفم.",1
جامعة العلوم و التكنولوجيا,إربد,الصيدلة,صحي,80,96.3,97.7,92.75,94.55,95.8,95.42,165.00,75.00,150.00,5,12375.00,24750.00,1,3,3,1,"دراسة الأدوية من حيث تركيبها وتأثيرها وطريقة استخدامها، والعمل في الصيدليات أو شركات الأدوية والمستشفيات.",1
جامعة العلوم و التكنولوجيا,إربد,دكتور صيدلة,صحي,80,96.8,98,93.2,94.95,96.5,95.89,216.00,100.00,100.00,6,21600.00,21600.00,1,4,4,1,"تخصص يركز على الصيدلة السريرية داخل المستشفيات، ومتابعة الخطة الدوائية للمرضى بالتعاون مع الأطباء.",1
جامعة العلوم و التكنولوجيا,إربد,دكتور بيطري,صحي,80,89.6,95.8,90.65,93.25,96.35,93.13,183.00,50.00,120.00,5,9150.00,21960.00,1,4,4,2,"تشخيص وعلاج أمراض الحيوانات، سواء الأليفة أو حيوانات المزارع، مع دور مهم في الصحة العامة وسلامة الغذاء.",1
جامعة العلوم و التكنولوجيا,إربد,العلوم الطبية المخبرية,صحي,70,92,95.9,88.85,91.7,92.9,92.27,135.00,50.00,50.00,4,6750.00,6750.00,1,4,3,1,تحليل عينات الدم والبول والأنسجة باستخدام أجهزة مخبرية لتشخيص الأمراض ومتابعة الحالة الصحية.,1
جامعة العلوم و التكنولوجيا,إربد,التمريض,صحي,70,90.9,95.3,90,92.35,94.5,92.61,134.00,50.00,50.00,4,6700.00,6700.00,1,4,3,2,"تقديم الرعاية الصحية للمرضى، متابعة حالتهم، إعطاء الأدوية، والعمل ضمن الفريق الطبي.",1
جامعة العلوم و التكنولوجيا,إربد,العلاج الطبيعي,صحي,70,91.4,95.5,88.4,91.25,93.95,92.1,133.00,50.00,50.00,4,6650.00,6650.00,1,4,3,1,إعادة تأهيل المرضى بعد الإصابات أو العمليات من خلال التمارين العلاجية والأجهزة المتخصصة.,1
جامعة العلوم و التكنولوجيا,إربد,العالج الوظيفي,صحي,70,89.3,94.2,86.1,88.6,92.35,90.11,138.00,50.00,50.00,4,6900.00,6900.00,1,4,2,2,مساعدة المرضى على استعادة قدرتهم على أداء الأنشطة اليومية بعد إصابة أو إعاقة جسدية أو عصبية.,1
جامعة العلوم و التكنولوجيا,إربد,البصريات,صحي,70,90.4,93.9,85.5,88.95,91.65,90.08,135.00,75.00,50.00,4,10125.00,6750.00,1,3,3,1,فحص النظر وتشخيص مشاكل الإبصار ووصف النظارات والعدسات اللاصقة.,1
جامعة العلوم و التكنولوجيا,إربد,تكنولوجيا ألاشعة,صحي,70,92.2,95.5,88.4,91.7,93.25,92.21,137.00,50.00,50.00,4,6850.00,6850.00,1,4,3,2,تشغيل أجهزة التصوير الطبي مثل الأشعة السينية والرنين المغناطيسي للمساعدة في تشخيص الأمراض.,1
جامعة العلوم و التكنولوجيا,إربد,إسعاف والطوارئ,صحي,65,88.7,93.7,87.05,89.7,92.5,90.33,137.00,50.00,50.00,4,6850.00,6850.00,1,4,3,2,تقديم الرعاية الطبية السريعة للحالات الطارئة والحوادث قبل وأثناء نقل المصاب إلى المستشفى.,1
جامعة العلوم و التكنولوجيا,إربد,السمع والنطق,صحي,65,90.4,94.4,85.9,87.8,91.5,90,143.00,50.00,50.00,4,7150.00,7150.00,1,3,2,2,تشخيص وعلاج اضطرابات النطق واللغة والتواصل لدى الأطفال والكبار.,1
جامعة العلوم و التكنولوجيا,إربد,علوم طب الأسنان المساندة,صحي,70,91.5,95.2,86.9,90.9,93,91.5,132.00,50.00,130.00,4,6600.00,17160.00,1,4,3,2,"دعم طبيب الأسنان في العيادة مثل التعقيم، تحضير الأدوات، ومساعدة المرضى أثناء العلاج.",1
جامعة العلوم و التكنولوجيا,إربد,الهندسة الميكانيكية,هندسي,80,91.5,95.6,83.15,88.15,90,89.68,160.00,60.00,60.00,4,9600.00,9600.00,1,3,4,1,تصميم وصيانة الأنظمة والآلات الميكانيكية مثل المحركات وأنظمة التكييف والإنتاج الصناعي.,1
جامعة العلوم و التكنولوجيا,إربد,الهندسة الكيميائية,هندسي,65,93.4,95.5,87.65,90.4,92.97,91.984,159.00,50.00,50.00,4,7950.00,7950.00,1,3,4,1,تحويل المواد الخام إلى منتجات مثل الأدوية والوقود والمواد الغذائية عبر عمليات صناعية وكيميائية.,1
جامعة العلوم و التكنولوجيا,إربد,الهندسة الطبية الحيوية,هندسي,80,94.6,96.9,90.55,93.35,94.5,93.98,160.00,75.00,75.00,4,12000.00,12000.00,1,3,4,1,دمج الهندسة مع الطب لتصميم وتطوير الأجهزة الطبية مثل الأطراف الصناعية وأجهزة التصوير والتشخيص.,1
جامعة العلوم و التكنولوجيا,إربد,الهندسة النووية,هندسي,80,94.6,96.1,90.4,93.95,95.15,94.04,160.00,100.00,100.00,4,16000.00,16000.00,1,2,4,0,تصميم وتشغيل المفاعلات النووية وإنتاج الطاقة النووية بأمان.,1
جامعة العلوم و التكنولوجيا,إربد,الهندسة الصناعية,هندسي,80,93.4,96.3,88.2,90.75,94.6,92.65,160.00,60.00,60.00,4,9600.00,9600.00,1,2,3,2,تنظيم وتحسين العمل داخل المصانع والشركات لزيادة الكفاءة وتقليل التكاليف.,1
جامعة العلوم و التكنولوجيا,إربد,هندسة الحاسوب,هندسي,80,92.4,95.5,90.65,93.2,96.05,93.56,160.00,75.00,75.00,4,12000.00,12000.00,1,2,4,2,تصميم وتطوير أجزاء الحاسوب مثل المعالج والأنظمة الإلكترونية.,1
جامعة العلوم و التكنولوجيا,إربد,هندسة الطيران,هندسي,80,93.6,96.5,89.3,92.05,94.3,93.15,160.00,100.00,100.00,4,16000.00,16000.00,1,3,4,0,تصميم وصيانة الطائرات وأنظمة الطيران.,1
جامعة العلوم و التكنولوجيا,إربد,العمارة,هندسي,80,95.1,97,90.1,91.8,94.55,93.71,169.00,75.00,75.00,5,12675.00,12675.00,1,3,3,1,تصميم المباني من الناحية الجمالية والوظيفية.,1
جامعة العلوم و التكنولوجيا,إربد,الهندسة المدنية,هندسي,80,92.6,96,84.6,88.3,89.6,90.22,160.00,75.00,75.00,4,12000.00,12000.00,1,3,3,1,بناء الطرق والجسور والمباني وشبكات المياه.,1
جامعة العلوم و التكنولوجيا,إربد,الهندسة الكهرباء,هندسي,80,92.6,95.2,82.15,87.25,89.9,89.42,160.00,75.00,75.00,4,12000.00,12000.00,1,3,4,1,تصميم وتشغيل أنظمة الكهرباء والطاقة.,1
جامعة العلوم و التكنولوجيا,إربد,علوم الحاسوب,العلوم والتكنلوجيا,65,86.1,92.4,87,92.95,95.05,90.7,132.00,75.00,75.00,4,9900.00,9900.00,1,3,3,2,تعلم البرمجة وتطوير البرامج والتطبيقات.,1
جامعة العلوم و التكنولوجيا,إربد,هندسة البرمجيات,العلوم والتكنلوجيا,65,88.1,94.2,85.65,92.1,93.65,90.74,132.00,75.00,75.00,4,9900.00,9900.00,1,3,3,2,تطوير البرامج والتطبيقات بطريقة منظمة لضمان جودتها.,1
جامعة العلوم و التكنولوجيا,إربد,امن السيبراني,العلوم والتكنلوجيا,65,90.73,86.65,92,93.55,90.73,90.732,132.00,80.00,80.00,4,10560.00,10560.00,1,3,3,2,حماية الأجهزة والشبكات من الاختراق والهجمات الإلكترونية.,1
جامعة العلوم و التكنولوجيا,إربد,علم البيانات,العلوم والتكنلوجيا,65,85.45,88.92,88.92,92.4,88.92,88.922,132.00,100.00,100.00,4,13200.00,13200.00,1,3,4,2,تحليل البيانات واستخراج معلومات مفيدة منها.,1
جامعة العلوم و التكنولوجيا,إربد,الذكاء اإلصطناعي,العلوم والتكنلوجيا,65,92.4,92.4,90.25,94.55,92.4,92.4,132.00,100.00,100.00,4,13200.00,13200.00,1,3,4,2,إنشاء أنظمة ذكية تتعلم وتفكر مثل الروبوتات والتطبيقات الذكية.,1
جامعة العلوم و التكنولوجيا,إربد,الرياضيات,العلوم والتكنلوجيا,65,85.5,93.6,82.3,83.15,89.75,86.86,132.00,40.00,50.00,4,5280.00,6600.00,0,1,4,1,دراسة الرياضيات وتطبيقاتها في مختلف المجالات.,1
جامعة العلوم و التكنولوجيا,إربد,الفيزياء,العلوم والتكنلوجيا,65,81.1,92,78.35,79.55,87.87,83.774,132.00,40.00,40.00,4,5280.00,5280.00,1,2,4,0,دراسة قوانين الطبيعة مثل الحركة والطاقة والكهرباء.,1
جامعة العلوم و التكنولوجيا,إربد,الكيمياء,العلوم والتكنلوجيا,65,87.9,92.8,81.2,84.05,89.6,87.11,132.00,40.00,40.00,4,5280.00,5280.00,1,3,3,1,دراسة المواد وتفاعلاتها واستخداماتها.,1
جامعة العلوم و التكنولوجيا,إربد,التقانات الحيوية والهندسة الوراثية,العلوم والتكنلوجيا,65,89.2,93.9,87.3,89.3,93.27,90.594,132.00,50.00,50.00,4,6600.00,6600.00,1,3,4,1,تعديل وتحسين الكائنات الحية لأغراض طبية أو زراعية.,1
جامعة العلوم و التكنولوجيا,إربد,االنتاج النباتي,العلوم والتكنلوجيا,65,80.4,91.2,81.3,79.6,91.05,84.71,132.00,40.00,40.00,4,5280.00,5280.00,1,3,2,1,زراعة وتحسين المحاصيل لزيادة الإنتاج وجودته.,1
جامعة العلوم و التكنولوجيا,إربد,الانتاج الحيواني,العلوم والتكنلوجيا,65,78.7,89.4,81.45,79.65,91,84.04,132.00,40.00,40.00,4,5280.00,5280.00,1,3,2,1,تربية ورعاية الحيوانات وإنتاج اللحوم والحليب والمنتجات الحيوانية.,1
جامعة العلوم و التكنولوجيا,إربد,التربة والري,العلوم والتكنلوجيا,65,76.4,88.2,78.05,77.55,86.5,81.34,132.00,40.00,40.00,4,5280.00,5280.00,1,3,3,1,دراسة التربة وطرق الري لتحسين الزراعة وزيادة الإنتاج.,1
جامعة العلوم و التكنولوجيا,إربد,اللغة الانجليزية واللغويات,اللغات والعلوم الأجتماعية,65,93.2,97.2,94.85,92.9,95.75,94.78,133.00,50.00,110.00,4,6650.00,14630.00,0,1,2,1,دراسة اللغة الإنجليزية وقواعدها وأصواتها وتحليلها اللغوي.,1
جامعة الحسين بن طلال,معان,التحاليل الطبية,صحي,70,78,89.6,79.9,82.6,83,82.62,136.00,43.00,75.00,4,5848.00,10200.00,1,4,3,2,إجراء الفحوصات المخبرية للدم والعينات لتشخيص الأمراض.,1
جامعة الحسين بن طلال,معان,هندسة البيئة,هندسي,80,80,80.2,80.7,80.53,81.25,80.536,160.00,43.00,75.00,4,6880.00,12000.00,1,3,3,1,حماية البيئة ومعالجة التلوث وإدارة الموارد الطبيعية.,1
جامعة الحسين بن طلال,معان,هندسة التعدين,هندسي,80,80,80.1,82.4,80.83,80.83,80.832,160.00,43.00,75.00,4,6880.00,12000.00,1,3,4,1,استخراج المعادن من الأرض ودراسة طرق التعدين الآمنة.,1
جامعة الحسين بن طلال,معان,هندسة الحاسوب,هندسي,80,80,80,80.1,80.65,80.35,80.22,160.00,43.00,75.00,4,6880.00,12000.00,1,3,3,2,تصميم وتطوير مكونات الحاسوب المادية والأنظمة المدمجة.,1
جامعة الحسين بن طلال,معان,هندسة امن الشبكات والمعلومات,هندسي,80,82.21,82.3,80.5,80,86.05,82.212,160.00,43.00,75.00,4,6880.00,12000.00,1,3,3,2,حماية الشبكات والأنظمة من الاختراق وتأمين المعلومات.,1
جامعة الحسين بن طلال,معان,الهندسة الكيماوية,هندسي,80,80,83.6,80.65,80,80.1,80.87,160.00,43.00,75.00,4,6880.00,12000.00,1,3,4,1,تحويل المواد الخام إلى منتجات مفيدة عبر عمليات صناعية.,1
جامعة الحسين بن طلال,معان,هندسة الاتصالات,هندسي,80,80,80,81.1,83.8,80.6,81.1,160.00,43.00,75.00,4,6880.00,12000.00,1,3,4,2,تصميم أنظمة الاتصالات مثل شبكات الهاتف والإنترنت.,1
جامعة الحسين بن طلال,معان,الهندسة المدنية,هندسي,80,80,88.1,80.05,80.7,80,81.77,160.00,43.00,75.00,4,6880.00,12000.00,1,3,3,1,بناء وتصميم الطرق والجسور والمباني.,1
جامعة الحسين بن طلال,معان,الهندسة الميكانيكية,هندسي,80,80,81.4,80.3,80.8,80.2,80.54,160.00,43.00,75.00,4,6880.00,12000.00,1,3,4,1,تصميم وصيانة الآلات والأنظمة الميكانيكية.,1
جامعة الحسين بن طلال,معان,الهندسة الكهربائية,هندسي,80,80,81.5,80.25,81.85,80,80.72,160.00,43.00,75.00,4,6880.00,12000.00,1,3,4,1,تصميم وتشغيل أنظمة الكهرباء والطاقة.,1
جامعة الحسين بن طلال,معان,هندسة الطاقة المتجددة,هندسي,80,82.21,82.21,80.25,80.15,86.25,82.214,160.00,43.00,75.00,4,6880.00,12000.00,1,3,3,2,تصميم أنظمة الطاقة الشمسية وطاقة الرياح ومصادر الطاقة النظيفة.,1
جامعة الحسين بن طلال,معان,علم الحاسوب,العلوم والتكنلوجيا,65,65,76.2,71.15,68.4,79.6,72.07,132.00,43.00,75.00,4,5676.00,9900.00,1,3,3,2,تعلم البرمجة وتطوير البرامج والتطبيقات.,1
جامعة الحسين بن طلال,معان,نظم المعلومات الحاسوبية,العلوم والتكنلوجيا,65,65,71.2,67.7,65.1,76.9,69.18,132.00,43.00,75.00,4,5676.00,9900.00,1,3,3,2,إدارة الأنظمة المعلوماتية وقواعد البيانات داخل المؤسسات.,1
جامعة الحسين بن طلال,معان,هندسة البرمجيات,العلوم والتكنلوجيا,65,71.3,80.4,74.5,72.7,79.7,75.72,132.00,43.00,75.00,4,5676.00,9900.00,1,3,3,2,تصميم وتطوير البرمجيات بطريقة هندسية لضمان الجودة والكفاءة.,1
جامعة الحسين بن طلال,معان,علم البيانات والذكاء االصطناعي,العلوم والتكنلوجيا,65,77.4,77.4,74.5,76.05,81.65,77.4,132.00,43.00,75.00,4,5676.00,9900.00,1,3,4,2,تحليل البيانات واستخدام تقنيات الذكاء الاصطناعي لاستخراج معلومات واتخاذ قرارات ذكية.,1
جامعة الحسين بن طلال,معان,الرياضيات,العلوم والتكنلوجيا,65,65,79.4,68.5,65.15,73,70.21,132.00,25.00,40.00,4,3300.00,5280.00,0,1,4,1,دراسة الأرقام والمعادلات وتطبيقاتها في مختلف المجالات.,1
جامعة الحسين بن طلال,معان,الفيزياء,العلوم والتكنلوجيا,65,65,70.7,65,65.4,67.9,66.8,132.00,25.00,40.00,4,3300.00,5280.00,1,2,4,0,دراسة قوانين الطبيعة مثل الحركة والطاقة والكهرباء.,1
جامعة الحسين بن طلال,معان,الكيمياء,العلوم والتكنلوجيا,65,65,79.7,66.65,66.45,72,69.96,132.00,25.00,40.00,4,3300.00,5280.00,1,3,3,1,دراسة المواد وتفاعلاتها وخصائصها.,1
جامعة الحسين بن طلال,معان,العلوم الحياتية,العلوم والتكنلوجيا,65,65,75,70.25,68.95,75.4,70.92,132.00,25.00,40.00,4,3300.00,5280.00,1,3,3,2,دراسة الكائنات الحية ووظائفها وتركيبها.,1
جامعة الحسين بن طلال,معان,اللغة العربية وآدابها,اللغات والعلوم الأجتماعية,65,65,82.7,75.25,66.9,74.4,72.85,132.00,28.00,40.00,4,3696.00,5280.00,0,1,2,1,دراسة اللغة العربية وقواعدها وأدبها وشعرها ونصوصها.,1
جامعة الحسين بن طلال,معان,اللغة االنجليزية وآدابها,اللغات والعلوم الأجتماعية,65,65,84.5,76.35,68.65,85,75.9,132.00,28.00,40.00,4,3696.00,5280.00,0,1,2,1,دراسة اللغة الإنجليزية وقواعدها وأدبها وتحليل النصوص.,1
جامعة الحسين بن طلال,معان,التاريخ,اللغات والعلوم الأجتماعية,65,65,74.7,70.95,65,73.7,69.87,132.00,28.00,40.00,4,3696.00,5280.00,0,1,2,1,دراسة أحداث الماضي وتحليلها وفهم تطور الحضارات.,1
جامعة الحسين بن طلال,معان,الجغرافيا,اللغات والعلوم الأجتماعية,65,65,74.3,71.95,65,72.85,69.82,132.00,28.00,40.00,4,3696.00,5280.00,0,1,2,1,دراسة الأماكن والخرائط والظواهر الطبيعية والبشرية.,1
جامعة الحسين بن طلال,معان,علم المكتبات وتكنولوجيا المعلومات,اللغات والعلوم الأجتماعية,65,65,65.9,65.05,65,74.5,67.09,132.00,28.00,40.00,4,3696.00,5280.00,1,2,3,2,تنظيم وإدارة المعلومات والمكتبات باستخدام التقنيات الحديثة.,1
جامعة الحسين بن طلال,معان,معلم الصف,اللغات والعلوم الأجتماعية,65,65,65.6,73.15,65.05,76.85,69.13,132.00,22.00,35.00,4,2904.00,4620.00,1,2,2,2,تدريس جميع المواد الأساسية لطلاب المرحلة الابتدائية.,1
جامعة الحسين بن طلال,معان,التربية الخاصة,اللغات والعلوم الأجتماعية,65,65,66.4,65,65.2,71.6,66.64,132.00,22.00,35.00,4,2904.00,4620.00,1,3,3,2,تعليم ودعم الطلبة من ذوي الاحتياجات الخاصة.,1
جامعة الحسين بن طلال,معان,رياض الأطفال,اللغات والعلوم الأجتماعية,65,65,65,67.3,65,71.55,66.77,132.00,22.00,35.00,4,2904.00,4620.00,1,3,2,2,تعليم الأطفال الصغار وتنمية مهاراتهم في المراحل المبكرة.,1
جامعة الحسين بن طلال,معان,الأثار,اللغات والعلوم الأجتماعية,65,65,65.4,65.05,65.35,65.05,65.17,132.00,25.00,40.00,4,3300.00,5280.00,1,3,3,1,دراسة الحضارات القديمة واكتشاف المواقع الأثرية.,1
جامعة الحسين بن طلال,معان,الأقتصاد,الأعمال,65,65,65,66.1,65,67.85,65.79,132.00,30.00,40.00,4,3960.00,5280.00,0,1,3,1,دراسة الإنتاج والاستهلاك والأسواق والمال.,1
جامعة الحسين بن طلال,معان,المحاسبة,الأعمال,65,65,79.2,76.05,67.2,77.65,73.02,132.00,30.00,40.00,4,3960.00,5280.00,0,1,3,1,تسجيل وتنظيم الأمور المالية وإعداد التقارير والحسابات.,1
جامعة الحسين بن طلال,معان,إدارة الأعمال,الأعمال,65,65,72.7,70.5,65,76.85,70.01,132.00,30.00,40.00,4,3960.00,5280.00,0,1,3,1,إدارة الشركات وتنظيم العمل واتخاذ القرارات الإدارية.,1
جامعة الحسين بن طلال,معان,العلوم المالية والمصرفية,الأعمال,65,65,68.5,70.3,65,72.65,68.29,132.00,30.00,40.00,4,3960.00,5280.00,0,1,3,1,دراسة إدارة الأموال والبنوك والاستثمار والخدمات المصرفية.,1
جامعة الحسين بن طلال,معان,نظم المعلومات الأدارية,الأعمال,65,65,70.4,69.45,65.05,76.8,69.34,132.00,30.00,40.00,4,3960.00,5280.00,1,3,3,2,استخدام أنظمة المعلومات لدعم القرارات الإدارية داخل المؤسسات.,1
جامعة الحسين بن طلال,معان,الأدارة السياحية,الأعمال,65,65,65.4,65.07,65.25,65.8,65.304,132.00,25.00,40.00,4,3300.00,5280.00,1,3,3,2,إدارة وتنظيم الأنشطة السياحية والبرامج والرحلات.,1
جامعة الحسين بن طلال,معان,الأدارة الفندقية,الأعمال,65,65,65.2,65,65.6,70,66.16,132.00,25.00,40.00,4,3300.00,5280.00,1,3,3,2,إدارة الفنادق وخدمات الضيافة وتنظيم العمل داخلها.,1
جامعة الحسين بن طلال,معان,القانون,القانون والعلوم الشرعية,65,71.7,90.1,85.9,80.55,86.85,83.02,141.00,30.00,40.00,4,4230.00,5640.00,0,1,3,1,دراسة القوانين والأنظمة وتنظيم العلاقات بين الأفراد والمؤسسات.,1
جامعة الطفيلة التقنية,الطفيلة,الهندسة المدنية,هندسي,80,80,86,80,84.1,80.25,82.07,160.00,25.00,50.00,4,4000.00,8000.00,1,3,3,1,تصميم وبناء الطرق والجسور والمباني والبنية التحتية.,1
جامعة الطفيلة التقنية,الطفيلة,هندسة الصناعات الكيميائية,هندسي,80,80,83.8,82.05,80.15,80,81.2,160.00,25.00,45.00,4,4000.00,7200.00,1,3,4,1,تحويل المواد الخام إلى منتجات عبر عمليات صناعية كيميائية.,1
جامعة الطفيلة التقنية,الطفيلة,هندسة التعدين,هندسي,80,80,80.2,82.9,83.1,89.3,83.1,160.00,25.00,35.00,4,4000.00,5600.00,1,3,4,1,استخراج المعادن من الأرض ودراسة طرق التعدين.,1
جامعة الطفيلة التقنية,الطفيلة,هندسة القوى الكهربائية,هندسي,80,80,80,80.5,80.55,80.1,80.23,160.00,25.00,45.00,4,4000.00,7200.00,1,3,4,1,تصميم وتشغيل أنظمة توليد ونقل الطاقة الكهربائية.,1
جامعة الطفيلة التقنية,الطفيلة,الهندسة الميكانيكية,هندسي,80,80,80,80.3,80.1,80.85,80.25,160.00,25.00,45.00,4,4000.00,7200.00,1,3,4,1,تصميم وصيانة الآلات والأنظمة الميكانيكية.,1
جامعة الطفيلة التقنية,الطفيلة,هندسة الحاسوب,هندسي,80,80,80.3,81.15,81.35,80,80.56,160.00,25.00,45.00,4,4000.00,7200.00,1,3,3,2,تصميم وتطوير مكونات وأنظمة الحاسوب.,1
جامعة الطفيلة التقنية,الطفيلة,الهندسة الجيولوجية,هندسي,80,80,80.1,80.05,83.1,83.25,81.3,160.00,25.00,35.00,4,4000.00,5600.00,1,3,3,1,دراسة الأرض والصخور وتطبيقاتها في المشاريع الهندسية.,1
جامعة الطفيلة التقنية,الطفيلة,هندسة الاتصالات والالكترونيات,هندسي,80,80,80,80,81.05,80,80.21,160.00,25.00,45.00,4,4000.00,7200.00,1,3,4,2,تصميم أنظمة الاتصالات والإلكترونيات مثل شبكات الهاتف والإنترنت.,1
جامعة الطفيلة التقنية,الطفيلة,هندسة الطاقة المتجددة المتكاملة,هندسي,80,82.68,84.2,80.05,80,86.5,82.686,160.00,50.00,45.00,4,8000.00,7200.00,0,3,3,2,تصميم أنظمة الطاقة الشمسية والرياح ومصادر الطاقة النظيفة.,1
جامعة الطفيلة التقنية,الطفيلة,الرياضيات,العلوم والتكنلوجيا,65,65,65.5,65.2,65,71.95,66.53,132.00,20.00,30.00,4,2640.00,3960.00,1,1,4,1,دراسة المعادلات والأرقام وتطبيقاتها العلمية.,1
جامعة الطفيلة التقنية,الطفيلة,الفيزياء التطبيقية,العلوم والتكنلوجيا,65,65,65.1,65,66.15,68.95,66.04,132.00,20.00,30.00,4,2640.00,3960.00,1,2,4,0,تطبيق مفاهيم الفيزياء في المجالات العملية والصناعية.,1
جامعة الطفيلة التقنية,الطفيلة,الكيمياء,العلوم والتكنلوجيا,65,65,65.4,65,65,72.8,66.64,132.00,20.00,30.00,4,2640.00,3960.00,1,3,3,1,دراسة المواد وتفاعلاتها واستخداماتها المختلفة.,1
جامعة الطفيلة التقنية,الطفيلة,العلوم الحياتية التطبيقية,العلوم والتكنلوجيا,65,65,66.1,65.25,65,75.7,67.41,132.00,22.00,40.00,4,2904.00,5280.00,0,3,3,2,دراسة الكائنات الحية وتطبيقاتها في المجالات الطبية والزراعية والمخبرية.,1
جامعة الطفيلة التقنية,الطفيلة,الأحصاء التطبيقي,العلوم والتكنلوجيا,65,76,77.16,79.1,77.55,76,77.162,132.00,20.00,40.00,4,2640.00,5280.00,0,1,3,1,استخدام الإحصاء لتحليل البيانات ودعم اتخاذ القرار.,1
جامعة الطفيلة التقنية,الطفيلة,اللغة الأنجليزية وآدابها,اللغات والعلوم الأجتماعية,65,65,84.2,77.65,65,85.4,75.45,132.00,16.00,35.00,4,2112.00,4620.00,0,1,2,1,دراسة اللغة الإنجليزية وقواعدها وأدبها وتحليل النصوص.,1
جامعة الطفيلة التقنية,الطفيلة,اللغة العربية وآدابها,اللغات والعلوم الأجتماعية,65,65,82.7,75.25,66.9,74.4,72.85,132.00,16.00,35.00,4,2112.00,4620.00,1,1,2,1,دراسة اللغة العربية وقواعدها وأدبها ونصوصها.,1
جامعة الطفيلة التقنية,الطفيلة,التربية الخاصة,اللغات والعلوم الأجتماعية,65,65,65,65,65,77.3,67.46,132.00,16.00,30.00,4,2112.00,3960.00,0,3,3,2,تعليم ودعم الأشخاص من ذوي الاحتياجات الخاصة.,1
جامعة الطفيلة التقنية,الطفيلة,إدارة األعمال,الأعمال,65,65,65,71.6,65.1,79.45,69.23,132.00,16.00,40.00,4,2112.00,5280.00,0,1,3,1,إدارة وتنظيم أعمال الشركات واتخاذ القرارات الإدارية.,1
جامعة الطفيلة التقنية,الطفيلة,المحاسبة,الأعمال,65,65,65.1,71.5,65.05,81.5,69.63,132.00,16.00,40.00,4,2112.00,5280.00,0,1,3,1,تنظيم وتسجيل العمليات المالية وإعداد التقارير والحسابات.,1
جامعة الطفيلة التقنية,الطفيلة,العلوم المالية والمصرفية,الأعمال,65,65,65.2,69.3,69.3,73.4,68.44,132.00,16.00,40.00,4,2112.00,5280.00,1,1,3,1,دراسة البنوك والاستثمار وإدارة الأموال والخدمات المصرفية.,1
جامعة البلقاء التطبيقية,السلط,دكتور في الطب,صحي,90,97,98.4,93.9,94.95,96.8,96.21,257.00,100.00,200.00,6,25700.00,51400.00,1,4,4,2,تشخيص الأمراض وعلاج المرضى والعمل في المستشفيات والعيادات.,1
جامعة البلقاء التطبيقية,السلط,التحاليل الطبية,صحي,70,87.9,94,84.6,87.95,91.8,89.25,136.00,35.00,55.00,4,4760.00,7480.00,1,4,3,2,إجراء الفحوصات المخبرية لتحليل العينات وتشخيص الأمراض.,1
جامعة البلقاء التطبيقية,السلط,هندسة المواد,هندسي,80,80,85.7,80.05,81.2,80,81.39,160.00,40.00,60.00,4,6400.00,9600.00,1,3,4,1,دراسة وتطوير المواد وخصائصها واستخداماتها الصناعية.,1
جامعة البلقاء التطبيقية,السلط,الهندسة الكهربائية,هندسي,80,80.9,89.55,80.27,80.02,82.3,82.608,160.00,45.00,60.00,4,7200.00,9600.00,1,3,4,1,تصميم وتشغيل أنظمة الكهرباء والطاقة.,1
جامعة البلقاء التطبيقية,السلط,الهندسة الميكانيكية,هندسي,80,80,88.9,80.1,80,81.1,82.02,160.00,30.00,60.00,4,4800.00,9600.00,1,3,4,1,تصميم وصيانة الآلات والأنظمة الميكانيكية.,1
جامعة البلقاء التطبيقية,السلط,هندسة الأتوترونكس,هندسي,80,80,88.9,80,80,83.75,82.53,160.00,30.00,60.00,4,4800.00,9600.00,1,3,4,2,دمج الميكانيك والكهرباء والإلكترونيات في أنظمة السيارات الحديثة.,1
جامعة البلقاء التطبيقية,السلط,الهندسة المدنية,هندسي,80,86.7,93.6,80.05,80.05,83.7,84.82,160.00,30.00,80.00,4,4800.00,12800.00,1,3,3,1,تصميم وبناء الطرق والجسور والمباني.,1
جامعة البلقاء التطبيقية,السلط,نظم المعلومات الحاسوبية,العلوم والتكنلوجيا,65,65,83.1,78.05,77.05,88.8,78.4,132.00,35.00,60.00,4,4620.00,7920.00,1,3,3,2,إدارة أنظمة المعلومات وقواعد البيانات داخل المؤسسات.,1
جامعة البلقاء التطبيقية,السلط,هندسة البرمجيات,العلوم والتكنلوجيا,65,76.3,88.4,80.45,83.85,89.8,83.76,160.00,45.00,80.00,4,7200.00,12800.00,1,3,3,2,تصميم وتطوير البرمجيات والتطبيقات بطريقة منظمة.,1
جامعة البلقاء التطبيقية,السلط,علم الحاسوب,العلوم والتكنلوجيا,65,71.1,88.7,79.5,82.7,93.1,83.02,132.00,35.00,60.00,4,4620.00,7920.00,1,3,3,2,دراسة البرمجة والخوارزميات وتطوير الأنظمة والتطبيقات الحاسوبية.,1
جامعة البلقاء التطبيقية,السلط,أمن المعلومات والفضاء الألكتروني,العلوم والتكنلوجيا,65,68.8,89.2,79.35,78.25,89.15,80.95,132.00,60.00,80.00,4,7920.00,10560.00,1,3,3,2,حماية الشبكات والأنظمة والمعلومات من الاختراق والهجمات الإلكترونية.,1
جامعة البلقاء التطبيقية,السلط,علم البيانات,العلوم والتكنلوجيا,65,65,81.2,77.85,74.6,90.6,77.85,132.00,60.00,80.00,4,7920.00,10560.00,1,3,4,2,تحليل البيانات واستخراج معلومات مفيدة لاتخاذ القرارات.,1
جامعة البلقاء التطبيقية,السلط,الفيزياء,العلوم والتكنلوجيا,65,65,86.3,69.3,69.05,77.7,73.47,132.00,45.00,50.00,4,5940.00,6600.00,1,2,4,0,دراسة قوانين الطبيعة مثل الحركة والطاقة والكهرباء.,1
جامعة البلقاء التطبيقية,السلط,الكيمياء,العلوم والتكنلوجيا,65,76.6,89.6,77.05,76.65,80.95,80.17,132.00,45.00,50.00,4,5940.00,6600.00,1,3,3,1,دراسة المواد وتفاعلاتها وخصائصها واستخداماتها.,1
جامعة البلقاء التطبيقية,السلط,الرسم الحاسوبي والرسوم المتحركة,العلوم والتكنلوجيا,65,65,84.5,75.25,69.65,88.6,76.6,132.00,50.00,75.00,4,6600.00,9900.00,1,3,3,2,إنشاء رسومات وتصاميم رقمية وتحريك الشخصيات والرسوم المتحركة.,1
جامعة البلقاء التطبيقية,السلط,إدارة موارد المياه والبيئة,العلوم والتكنلوجيا,65,65,65.5,68.7,65,81.6,69.16,132.00,30.00,45.00,4,3960.00,5940.00,1,3,3,2,إدارة الموارد المائية وحماية البيئة من التلوث.,1
جامعة البلقاء التطبيقية,السلط,التقنيات الحيوية الزراعية,العلوم والتكنلوجيا,65,65,73.1,72.5,65.3,79.75,71.13,132.00,30.00,45.00,4,3960.00,5940.00,1,3,4,1,استخدام التقنيات الحيوية لتحسين المحاصيل الزراعية وزيادة الإنتاج.,1
جامعة البلقاء التطبيقية,السلط,التغذية والتصنيع الغذائي,العلوم والتكنلوجيا,65,76.3,91.3,82.3,85.5,92.75,85.63,132.00,30.00,45.00,4,3960.00,5940.00,1,3,3,2,دراسة التغذية وإنتاج وتصنيع الأغذية بشكل صحي وآمن.,1
جامعة البلقاء التطبيقية,السلط,إنتاج ووقاية النبات,العلوم والتكنلوجيا,65,65,65.2,68.1,65,80.9,68.84,132.00,30.00,45.00,4,3960.00,5940.00,1,3,3,2,إنتاج المحاصيل الزراعية وحمايتها من الأمراض والآفات.,1
جامعة البلقاء التطبيقية,السلط,إدارة المكتبات والمعلومات,اللغات والعلوم الأجتماعية,65,66.6,82.7,77.95,77.95,86.15,78.27,132.00,30.00,55.00,4,3960.00,7260.00,1,2,3,2,تنظيم وإدارة المكتبات والمعلومات باستخدام الأساليب والتقنيات الحديثة.,1
جامعة البلقاء التطبيقية,السلط,اللغة العربية وآدابها,اللغات والعلوم الأجتماعية,65,78.4,87.7,83.05,84.1,91.35,84.92,132.00,20.00,35.00,4,2640.00,4620.00,0,1,2,1,دراسة اللغة العربية وقواعدها وأدبها ونصوصها.,1
جامعة البلقاء التطبيقية,السلط,اللغة الأنجليزية وادابه,اللغات والعلوم الأجتماعية,65,89.7,95.1,87,87.4,92.1,90.26,132.00,25.00,45.00,4,3300.00,5940.00,0,1,2,1,دراسة اللغة الإنجليزية وقواعدها وأدبها وتحليل النصوص.,1
جامعة البلقاء التطبيقية,السلط,التربية الخاصة,اللغات والعلوم الأجتماعية,65,65,66.4,71.11,71.11,81.95,71.114,132.00,25.00,35.00,4,3300.00,4620.00,1,3,3,2,تعليم ودعم الأشخاص من ذوي الاحتياجات الخاصة.,1
جامعة البلقاء التطبيقية,السلط,علم النفس التطبيقي,اللغات والعلوم الأجتماعية,65,65,76.7,77.85,71.07,81.8,74.484,132.00,35.00,50.00,4,4620.00,6600.00,1,3,3,2,دراسة السلوك البشري وتطبيقه في المجالات النفسية والتعليمية.,1
جامعة البلقاء التطبيقية,السلط,الارشاد النفسي والتربوي,اللغات والعلوم الأجتماعية,65,67.4,82.7,79.9,77.85,84.05,78.38,132.00,30.00,45.00,4,3960.00,5940.00,1,3,3,2,تقديم الدعم والإرشاد النفسي والتربوي للطلاب والأفراد.,1
جامعة البلقاء التطبيقية,السلط,القانون,القانون والعلوم الشرعية,65,83.4,94.5,88.75,90.35,92.5,89.9,141.00,45.00,60.00,4,6345.00,8460.00,0,1,3,1,دراسة القوانين والأنظمة وتنظيم العلاقات بين الأفراد والمؤسسات.,1
جامعة البلقاء التطبيقية,السلط,التسويق,الأعمال,65,68.7,86.7,82.5,84.05,89.35,82.26,132.00,35.00,55.00,4,4620.00,7260.00,0,1,3,2,دراسة تسويق المنتجات والخدمات وتحليل السوق وجذب العملاء.,1
جامعة البلقاء التطبيقية,السلط,إدارة الأعمال,الأعمال,65,78.8,86.7,81.6,82.3,89,83.68,132.00,35.00,55.00,4,4620.00,7260.00,0,1,3,1,إدارة وتنظيم الشركات واتخاذ القرارات الإدارية.,1
جامعة البلقاء التطبيقية,السلط,نظم المعلومات المحاسبية,الأعمال,65,68,83.8,80.95,81,89.1,80.57,132.00,35.00,55.00,4,4620.00,7260.00,1,3,3,2,إدارة وتسجيل العمليات المحاسبية باستخدام نظم المعلومات.,1
جامعة البلقاء التطبيقية,السلط,الأقتصاد,الأعمال,65,65,83.6,79.4,78.45,86.5,78.59,132.00,35.00,55.00,4,4620.00,7260.00,0,1,3,1,دراسة الإنتاج والاستهلاك والأسواق والمال.,1
جامعة البلقاء التطبيقية,السلط,المحاسبة,الأعمال,65,81.1,90.1,84.1,84.1,93.85,86.65,132.00,35.00,55.00,4,4620.00,7260.00,0,1,3,1,تنظيم وتسجيل العمليات المالية وإعداد التقارير والحسابات.,1
جامعة البلقاء التطبيقية,السلط,تخطيط وادارة المشاريع,الأعمال,65,70.1,83,81.35,80.75,89.8,81,132.00,35.00,55.00,4,4620.00,7260.00,0,1,3,1,تخطيط وتنفيذ المشاريع ومتابعة الموارد والجدول الزمني.,1
جامعة البلقاء التطبيقية,الزرقاء,التحاليل الطبية,صحي,70,85,89.6,81.9,82.9,88.85,85.65,136.00,35.00,55.00,4,4760.00,7480.00,1,4,3,2,إجراء الفحوصات المخبرية لتحليل العينات وتشخيص الأمراض.,1
جامعة البلقاء التطبيقية,الزرقاء,التغذية والتصنيع الغذائي,العلوم والتكنلوجيا,65,76.3,89.2,81.25,83.1,92.45,84.46,132.00,35.00,55.00,4,4620.00,7260.00,1,3,3,2,دراسة التغذية وإنتاج وتصنيع الأغذية بشكل صحي وآمن.,1
جامعة البلقاء التطبيقية,الحصن,الهندسة الكيميائية,هندسي,65,80,87,80.05,80.4,80,81.49,160.00,30.00,60.00,4,4800.00,9600.00,1,3,4,1,تحويل المواد الخام إلى منتجات عبر عمليات صناعية كيميائية.,1
جامعة البلقاء التطبيقية,الحصن,الهندسة الميكانيكية,هندسي,80,80,83.95,81.95,80.25,80.2,81.27,160.00,30.00,60.00,4,4800.00,9600.00,1,3,4,1,تصميم وصيانة الآلات والأنظمة الميكانيكية.,1
جامعة البلقاء التطبيقية,الحصن,الهندسة الكهربائية,هندسي,80,80,85,80,80,80,81,160.00,30.00,60.00,4,4800.00,9600.00,1,3,4,1,تصميم وتشغيل أنظمة الكهرباء والطاقة.,1
جامعة البلقاء التطبيقية,الحصن,الهندسة المدنية,هندسي,80,80,86,81.5,80.95,80.6,81.81,160.00,30.00,60.00,4,4800.00,9600.00,1,3,3,1,بناء وتصميم الطرق والجسور والمباني.,1
جامعة البلقاء التطبيقية,الحصن,علم الحاسوب,العلوم والتكنلوجيا,65,65.5,80.4,75.9,75.75,84.05,76.32,132.00,35.00,60.00,4,4620.00,7920.00,1,3,3,2,تعلم البرمجة وتطوير البرامج والتطبيقات الحاسوبية.,1
جامعة البلقاء التطبيقية,عجلون,الرياضيات,العلوم والتكنلوجيا,65,65,78.9,69.65,65,76.2,70.95,132.00,45.00,50.00,4,5940.00,6600.00,0,1,4,1,دراسة الأرقام والمعادلات وتطبيقاتها العلمية.,1
جامعة البلقاء التطبيقية,عجلون,اللغة العربية وآدابها,اللغات والعلوم الأجتماعية,65,65,79.4,76.2,70.85,76.1,73.51,132.00,25.00,35.00,4,3300.00,4620.00,0,1,2,1,دراسة اللغة العربية وقواعدها وأدبها ونصوصها.,1
جامعة البلقاء التطبيقية,عجلون,اللغة الأنجليزية وآدابها,اللغات والعلوم الأجتماعية,65,65,84.2,77.65,65,85.4,75.45,132.00,25.00,35.00,4,3300.00,4620.00,0,1,2,1,دراسة اللغة الإنجليزية وقواعدها وأدبها وتحليل النصوص.,1
جامعة البلقاء التطبيقية,عجلون,الأرشاد النفسي والتربوي,اللغات والعلوم الأجتماعية,65,65,74.1,69.55,72.01,79.4,72.012,132.00,30.00,45.00,4,3960.00,5940.00,1,3,3,2,تقديم الدعم والإرشاد النفسي والتربوي للطلاب والأفراد.,1
جامعة البلقاء التطبيقية,عجلون,الدراسات الأسلامية التطبيقية,القانون والعلوم الشرعية,65,75,75.1,75.6,76.1,75.2,75.4,132.00,25.00,35.00,4,3300.00,4620.00,0,1,2,1,دراسة العلوم الإسلامية وتطبيقاتها في الحياة اليومية والمجتمع.,1
جامعة البلقاء التطبيقية,الشوبك,انتاج ووقاية النبات,العلوم والتكنلوجيا,65,65,66.6,65.5,66.15,65.15,65.68,132.00,30.00,45.00,4,3960.00,5940.00,1,3,3,2,إنتاج المحاصيل الزراعية وحمايتها من الأمراض والآفات.,1
جامعة البلقاء التطبيقية,العقبة,إدارة الفنادق,الأعمال,65,65,65.5,65,65.45,77.6,67.71,132.00,35.00,55.00,4,4620.00,7260.00,1,3,3,2,إدارة وتشغيل الفنادق وخدمات الضيافة وتنظيم العمل داخلها.,1
جامعة البلقاء التطبيقية,العقبة,ادارة الشحن والتخليص,الأعمال,65,65,65.1,72.75,68.7,77.45,69.8,132.00,40.00,60.00,4,5280.00,7920.00,1,3,3,2,تنظيم وإدارة الشحن والتخليص الجمركي للبضائع.,1
جامعة البلقاء التطبيقية,الموقر,الاسعاف  الطبي المتخصص,صحي,65,74.4,82,77.65,76.2,85.6,79.17,132.00,40.00,65.00,4,5280.00,8580.00,1,4,4,2,تقديم الرعاية الطبية الطارئة والمتخصصة للمرضى والمصابين.,1
جامعة البلقاء التطبيقية,الموقر,الهندسة الميكانيكية,هندسي,80,80,83,81.3,80.1,80.05,80.89,160.00,40.00,60.00,4,6400.00,9600.00,1,3,4,1,تصميم وصيانة الآلات والأنظمة الميكانيكية.,1
جامعة البلقاء التطبيقية,الموقر,إدارة الكوارث والأزمات,الأعمال,65,65,77,74.75,71.4,80.45,73.72,132.00,30.00,45.00,4,3960.00,5940.00,1,3,3,2,تخطيط وإدارة الكوارث والأزمات والطوارئ في المؤسسات والمجتمع.,1
جامعة العلوم الاسلامية العالمية,عمان,علم الحاسوب,العلوم والتكنلوجيا,65,65,80.8,77.5,78.4,86.05,77.55,132.00,,,4,0.00,0.00,1,3,3,2,تعلم البرمجة وتطوير الأنظمة والتطبيقات الحاسوبية.,0
جامعة العلوم الاسلامية العالمية,عمان,هندسة البرمجيات,العلوم والتكنلوجيا,65,73.3,84.7,78.55,77.2,83.55,79.46,160.00,,,4,0.00,0.00,1,3,3,2,تصميم وتطوير البرمجيات بطريقة منظمة لضمان الجودة والكفاءة.,0
جامعة العلوم الاسلامية العالمية,عمان,نظم شبكات الحاسوب,العلوم والتكنلوجيا,65,65,77.1,71.7,71.6,80.05,73.09,132.00,,,4,0.00,0.00,1,3,3,2,إعداد وتشغيل شبكات الحاسوب وربط الأجهزة والأنظمة.,0
جامعة العلوم الاسلامية العالمية,عمان,أمن وسرية الشبكات والمعلومات,العلوم والتكنلوجيا,65,65,82.2,76.85,75.35,81.25,76.13,132.00,,,4,0.00,0.00,1,3,3,2,حماية الشبكات والمعلومات من الاختراق وضمان سرية البيانات.,0
جامعة العلوم الاسلامية العالمية,عمان,الأرشاد والصحة النفسية,اللغات والعلوم الأجتماعية,65,73,84.5,77.3,79.3,81.55,79.13,132.00,,,4,0.00,0.00,1,3,3,2,تقديم الدعم والإرشاد النفسي والصحي للطلاب والأفراد.,0
جامعة العلوم الاسلامية العالمية,عمان,التربية الخاصة,اللغات والعلوم الأجتماعية,65,70.2,81.9,74.85,75.65,81.6,76.84,132.00,,,4,0.00,0.00,1,3,3,2,تعليم ودعم الأشخاص من ذوي الاحتياجات الخاصة.,0
جامعة العلوم الاسلامية العالمية,عمان,معلم الصف,اللغات والعلوم الأجتماعية,65,74.4,83.1,77.1,81.3,86.65,80.51,132.00,,,4,0.00,0.00,1,2,2,2,تدريس جميع المواد الأساسية لطلاب المرحلة الابتدائية.,0
جامعة العلوم الاسلامية العالمية,عمان,اللغة الأنجليزية وآدابها,اللغات والعلوم الأجتماعية,65,83.9,91.9,82.95,86.65,87.7,86.62,132.00,,,4,0.00,0.00,0,1,2,1,دراسة اللغة الإنجليزية وقواعدها وأدبها وتحليل النصوص.,0
جامعة العلوم الاسلامية العالمية,عمان,اللغة العربية وآدابها,اللغات والعلوم الأجتماعية,65,74.1,88.3,82.65,78.75,82.05,81.17,132.00,,,4,0.00,0.00,0,1,2,1,دراسة اللغة العربية وقواعدها وأدبها ونصوصها.,0
جامعة العلوم الاسلامية العالمية,عمان,إدارة الأعمال,الأعمال,65,71.7,84.8,78.6,75.8,81.65,78.51,132.00,,,4,0.00,0.00,0,1,3,1,إدارة وتنظيم الشركات واتخاذ القرارات الإدارية.,0
جامعة العلوم الاسلامية العالمية,عمان,المحاسبة,الأعمال,65,73.6,87.1,81.42,80.25,84.75,81.424,132.00,,,4,0.00,0.00,0,1,3,1,تنظيم وتسجيل العمليات المالية وإعداد التقارير والحسابات.,0
جامعة العلوم الاسلامية العالمية,عمان,نظم المعلومات الأدارية,الأعمال,65,67.1,82.9,77.25,74.2,82.2,76.73,132.00,,,4,0.00,0.00,1,3,3,2,استخدام نظم المعلومات لدعم القرارات الإدارية داخل المؤسسات.,0
جامعة العلوم الاسلامية العالمية,عمان,المصارف الأسالمية,الأعمال,65,66.3,81.5,75.5,72.75,76.85,74.58,132.00,,,4,0.00,0.00,0,1,3,1,دراسة البنوك والخدمات المالية الإسلامية وفق الشريعة الإسلامية.,0
جامعة العلوم الاسلامية العالمية,عمان,العلوم المالية والمصرفية,الأعمال,65,69.8,83.4,77.1,75.9,81.1,77.46,132.00,,,4,0.00,0.00,0,1,3,1,إدارة الأموال والبنوك والاستثمار والخدمات المصرفية.,0
جامعة العلوم الاسلامية العالمية,عمان,أصول الدين,القانون والعلوم الشرعية,75,75,81.1,75,75,76.55,76.53,132.00,,,4,0.00,0.00,0,1,3,1,دراسة أساسيات الدين الإسلامي وتعاليمه ومبادئه.,0
جامعة العلوم الاسلامية العالمية,عمان,القراءات القرآنية,القانون والعلوم الشرعية,65,75,75,75,77.3,75.9,75.64,132.00,,,4,0.00,0.00,0,1,3,1,تلاوة وتحليل القراءات المختلفة للقرآن الكريم.,0
جامعة العلوم الاسلامية العالمية,عمان,الفقه وأصوله,القانون والعلوم الشرعية,75,75,84,75.95,76.25,79.2,78.08,132.00,,,4,0.00,0.00,0,1,3,1,دراسة الفقه الإسلامي وقواعده وأصوله وتطبيقاته العملية.,0
جامعة العلوم الاسلامية العالمية,عمان,القانون,القانون والعلوم الشرعية,65,81.9,93.2,88.05,87.75,88.55,87.89,141.00,,,4,0.00,0.00,0,1,3,1,دراسة القوانين والأنظمة وتنظيم العلاقات بين الأفراد والمؤسسات.,0
جامعة العلوم الاسلامية العالمية,عمان,الفقه الحنفي,القانون والعلوم الشرعية,65,75,75.2,75.3,75.05,76.5,75.41,132.00,,,4,0.00,0.00,0,1,3,1,دراسة الفقه الحنفي وتطبيقاته وفق مذهب الإمام أبو حنيفة.,0
جامعة العلوم الاسلامية العالمية,عمان,القضاء والأفتاء,القانون والعلوم الشرعية,75,75,85.1,80.05,81.86,87.3,81.862,132.00,,,4,0.00,0.00,0,1,3,1,دراسة القضاء وإصدار الأحكام الشرعية والإفتاء.,0
جامعة العلوم الاسلامية العالمية,عمان,الفقه الشافعي,القانون والعلوم الشرعية,65,75,75,75.15,75.05,75.2,75.08,132.00,,,4,0.00,0.00,0,1,3,1,دراسة الفقه الشافعي وتطبيقاته وفق مذهب الإمام الشافعي.,0
جامعة العلوم الاسلامية العالمية,عمان,الفقه المالكي,القانون والعلوم الشرعية,65,75,75.5,75,75.3,75.35,75.23,132.00,,,4,0.00,0.00,0,1,3,1,دراسة الفقه المالكي وتطبيقاته وفق مذهب الإمام مالك.,0
جامعة العلوم الاسلامية العالمية,عمان,التاريخ والحضارة الاسلامية,القانون والعلوم الشرعية,65,65.8,80.6,77.15,74.1,78.5,75.23,132.00,,,4,0.00,0.00,0,1,3,1,دراسة التاريخ والحضارة الإسلامية وتطورها عبر العصور.,0
,,,,,,,,,,#DIV/0!,,,,0,0.00,0.00,,,,,,
,,,,,,,,,,#DIV/0!,,,,0,0.00,0.00,,,,,,
,,,,,,,,,,#DIV/0!,,,,0,0.00,0.00,,,,,,
,,,,,,,,,,#DIV/0!,,,,0,0.00,0.00,,,,,,
,,,,,,,,,,#DIV/0!,,,,0,0.00,0.00,,,,,,
,,,,,,,,,,#DIV/0!,,,,0,0.00,0.00,,,,,,
,,,,,,,,,,#DIV/0!,,,,0,0.00,0.00,,,,,,
,,,,,,,,,,#DIV/0!,,,,0,0.00,0.00,,,,,,
,,,,,,,,,,#DIV/0!,,,,0,0.00,0.00,,,,,,
,,,,,,,,,,#DIV/0!,,,,0,0.00,0.00,,,,,,
,,,,,,,,,,#DIV/0!,,,,0,0.00,0.00,,,,,,
,,,,,,,,,,#DIV/0!,,,,0,0.00,0.00,,,,,,
,,,,,,,,,,#DIV/0!,,,,0,0.00,0.00,,,,,,
,,,,,,,,,,#DIV/0!,,,,0,0.00,0.00,,,,,,
,,,,,,,,,,#DIV/0!,,,,0,0.00,0.00,,,,,,
,,,,,,,,,,#DIV/0!,,,,0,0.00,0.00,,,,,,
,,,,,,,,,,#DIV/0!,,,,0,0.00,0.00,,,,,,
,,,,,,,,,,#DIV/0!,,,,0,0.00,0.00,,,,,,
,,,,,,,,,,#DIV/0!,,,,0,0.00,0.00,,,,,,
,,,,,,,,,,#DIV/0!,,,,0,0.00,0.00,,,,,,
,,,,,,,,,,#DIV/0!,,,,0,0.00,0.00,,,,,,
,,,,,,,,,,#DIV/0!,,,,0,0.00,0.00,,,,,,
,,,,,,,,,,#DIV/0!,,,,0,0.00,0.00,,,,,,
,,,,,,,,,,#DIV/0!,,,,0,0.00,0.00,,,,,,
,,,,,,,,,,#DIV/0!,,,,0,0.00,0.00,,,,,,
,,,,,,,,,,#DIV/0!,,,,0,0.00,0.00,,,,,,
,,,,,,,,,,#DIV/0!,,,,0,0.00,0.00,,,,,,
,,,,,,,,,,#DIV/0!,,,,0,0.00,0.00,,,,,,
,,,,,,,,,,#DIV/0!,,,,0,0.00,0.00,,,,,,
,,,,,,,,,,#DIV/0!,,,,0,0.00,0.00,,,,,,
,,,,,,,,,,#DIV/0!,,,,0,0.00,0.00,,,,,,
,,,,,,,,,,#DIV/0!,,,,0,0.00,0.00,,,,,,
,,,,,,,,,,#DIV/0!,,,,0,0.00,0.00,,,,,,
,,,,,,,,,,#DIV/0!,,,,0,0.00,0.00,,,,,,
,,,,,,,,,,#DIV/0!,,,,0,0.00,0.00,,,,,,
,,,,,,,,,,#DIV/0!,,,,0,0.00,0.00,,,,,,
,,,,,,,,,,#DIV/0!,,,,0,0.00,0.00,,,,,,
,,,,,,,,,,#DIV/0!,,,,0,0.00,0.00,,,,,,
,,,,,,,,,,#DIV/0!,,,,0,0.00,0.00,,,,,,
,,,,,,,,,,#DIV/0!,,,,0,0.00,0.00,,,,,,
,,,,,,,,,,#DIV/0!,,,,0,0.00,0.00,,,,,,
,,,,,,,,,,#DIV/0!,,,,0,0.00,0.00,,,,,,
,,,,,,,,,,#DIV/0!,,,,0,0.00,0.00,,,,,,
,,,,,,,,,,#DIV/0!,,,,0,0.00,0.00,,,,,,
,,,,,,,,,,#DIV/0!,,,,0,0.00,0.00,,,,,,
,,,,,,,,,,#DIV/0!,,,,0,0.00,0.00,,,,,,
,,,,,,,,,,#DIV/0!,,,,0,0.00,0.00,,,,,,
,,,,,,,,,,#DIV/0!,,,,0,0.00,0.00,,,,,,
,,,,,,,,,,#DIV/0!,,,,0,0.00,0.00,,,,,,
,,,,,,,,,,#DIV/0!,,,,0,0.00,0.00,,,,,,
,,,,,,,,,,#DIV/0!,,,,0,0.00,0.00,,,,,,
,,,,,,,,,,#DIV/0!,,,,0,0.00,0.00,,,,,,
,,,,,,,,,,#DIV/0!,,,,0,0.00,0.00,,,,,,
,,,,,,,,,,#DIV/0!,,,,0,0.00,0.00,,,,,,
,,,,,,,,,,#DIV/0!,,,,0,0.00,0.00,,,,,,
,,,,,,,,,,#DIV/0!,,,,0,0.00,0.00,,,,,,
,,,,,,,,,,#DIV/0!,,,,0,0.00,0.00,,,,,,
,,,,,,,,,,#DIV/0!,,,,0,0.00,0.00,,,,,,
,,,,,,,,,,#DIV/0!,,,,0,0.00,0.00,,,,,,
,,,,,,,,,,#DIV/0!,,,,0,0.00,0.00,,,,,,
,,,,,,,,,,#DIV/0!,,,,0,0.00,0.00,,,,,,
,,,,,,,,,,#DIV/0!,,,,0,0.00,0.00,,,,,,
,,,,,,,,,,#DIV/0!,,,,0,0.00,0.00,,,,,,
,,,,,,,,,,#DIV/0!,,,,0,0.00,0.00,,,,,,
,,,,,,,,,,#DIV/0!,,,,0,0.00,0.00,,,,,,
,,,,,,,,,,#DIV/0!,,,,0,0.00,0.00,,,,,,
,,,,,,,,,,#DIV/0!,,,,0,0.00,0.00,,,,,,
,,,,,,,,,,#DIV/0!,,,,0,0.00,0.00,,,,,,
,,,,,,,,,,#DIV/0!,,,,0,0.00,0.00,,,,,,
,,,,,,,,,,#DIV/0!,,,,0,0.00,0.00,,,,,,
,,,,,,,,,,#DIV/0!,,,,0,0.00,0.00,,,,,,
,,,,,,,,,,#DIV/0!,,,,0,0.00,0.00,,,,,,
,,,,,,,,,,#DIV/0!,,,,0,0.00,0.00,,,,,,
,,,,,,,,,,#DIV/0!,,,,0,0.00,0.00,,,,,,
,,,,,,,,,,#DIV/0!,,,,0,0.00,0.00,,,,,,
,,,,,,,,,,#DIV/0!,,,,0,0.00,0.00,,,,,,
,,,,,,,,,,#DIV/0!,,,,0,0.00,0.00,,,,,,
,,,,,,,,,,#DIV/0!,,,,0,0.00,0.00,,,,,,
,,,,,,,,,,#DIV/0!,,,,0,0.00,0.00,,,,,,
,,,,,,,,,,#DIV/0!,,,,0,0.00,0.00,,,,,,
,,,,,,,,,,#DIV/0!,,,,0,0.00,0.00,,,,,,
,,,,,,,,,,#DIV/0!,,,,0,0.00,0.00,,,,,,
,,,,,,,,,,#DIV/0!,,,,0,0.00,0.00,,,,,,
,,,,,,,,,,#DIV/0!,,,,0,0.00,0.00,,,,,,
,,,,,,,,,,#DIV/0!,,,,0,0.00,0.00,,,,,,
,,,,,,,,,,#DIV/0!,,,,0,0.00,0.00,,,,,,
,,,,,,,,,,#DIV/0!,,,,0,0.00,0.00,,,,,,
,,,,,,,,,,#DIV/0!,,,,0,0.00,0.00,,,,,,
,,,,,,,,,,#DIV/0!,,,,0,0.00,0.00,,,,,,
,,,,,,,,,,#DIV/0!,,,,0,0.00,0.00,,,,,,
,,,,,,,,,,#DIV/0!,,,,0,0.00,0.00,,,,,,
,,,,,,,,,,#DIV/0!,,,,0,0.00,0.00,,,,,,
,,,,,,,,,,#DIV/0!,,,,0,0.00,0.00,,,,,,
,,,,,,,,,,#DIV/0!,,,,0,0.00,0.00,,,,,,
,,,,,,,,,,#DIV/0!,,,,0,0.00,0.00,,,,,,
,,,,,,,,,,#DIV/0!,,,,0,0.00,0.00,,,,,,
,,,,,,,,,,#DIV/0!,,,,0,0.00,0.00,,,,,,
,,,,,,,,,,#DIV/0!,,,,0,0.00,0.00,,,,,,
,,,,,,,,,,#DIV/0!,,,,0,0.00,0.00,,,,,,
,,,,,,,,,,#DIV/0!,,,,0,0.00,0.00,,,,,,
,,,,,,,,,,#DIV/0!,,,,0,0.00,0.00,,,,,,
,,,,,,,,,,#DIV/0!,,,,0,0.00,0.00,,,,,,
,,,,,,,,,,#DIV/0!,,,,0,0.00,0.00,,,,,,
,,,,,,,,,,#DIV/0!,,,,0,0.00,0.00,,,,,,
,,,,,,,,,,#DIV/0!,,,,0,0.00,0.00,,,,,,
,,,,,,,,,,#DIV/0!,,,,0,0.00,0.00,,,,,,
